#
# There is insufficient memory for the Java Runtime Environment to continue.
# Native memory allocation (mmap) failed to map 558891008 bytes. Error detail: G1 virtual space
# Possible reasons:
#   The system is out of physical RAM or swap space
#   This process is running with CompressedOops enabled, and the Java Heap may be blocking the growth of the native heap
# Possible solutions:
#   Reduce memory load on the system
#   Increase physical memory or swap space
#   Check if swap backing store is full
#   Decrease Java heap size (-Xmx/-Xms)
#   Decrease number of Java threads
#   Decrease Java thread stack sizes (-Xss)
#   Set larger code cache with -XX:ReservedCodeCacheSize=
#   JVM is running with Unscaled Compressed Oops mode in which the Java heap is
#     placed in the first 4GB address space. The Java Heap base address is the
#     maximum limit for the native heap growth. Please use -XX:HeapBaseMinAddress
#     to set the Java Heap base and to place the Java Heap above 4GB virtual address.
# This output file may be truncated or incomplete.
#
#  Out of Memory Error (os_windows.cpp:3732), pid=27568, tid=26784
#
# JRE version: OpenJDK Runtime Environment Temurin-21.0.12.1+1 (21.0.12.1+1) (build 21.0.12.1+1-LTS)
# Java VM: OpenJDK 64-Bit Server VM Temurin-21.0.12.1+1 (21.0.12.1+1-LTS, mixed mode, sharing, tiered, compressed oops, compressed class ptrs, g1 gc, windows-amd64)
# No core dump will be written. Minidumps are not enabled by default on client versions of Windows
#

---------------  S U M M A R Y ------------

Command Line: --add-opens=java.base/java.lang=ALL-UNNAMED --add-opens=java.base/java.lang.invoke=ALL-UNNAMED --add-opens=java.base/java.util=ALL-UNNAMED --add-opens=java.prefs/java.util.prefs=ALL-UNNAMED --add-exports=jdk.compiler/com.sun.tools.javac.api=ALL-UNNAMED --add-exports=jdk.compiler/com.sun.tools.javac.util=ALL-UNNAMED --add-opens=java.base/java.util=ALL-UNNAMED --add-opens=java.prefs/java.util.prefs=ALL-UNNAMED --add-opens=java.base/java.nio.charset=ALL-UNNAMED --add-opens=java.base/java.net=ALL-UNNAMED --add-opens=java.base/java.util.concurrent.atomic=ALL-UNNAMED --add-opens=java.xml/javax.xml.namespace=ALL-UNNAMED -XX:MaxMetaspaceSize=512m -Xmx2048m -Dfile.encoding=UTF-8 -Duser.country=IN -Duser.language=en -Duser.variant -javaagent:C:\Users\Balachandran\.gradle\wrapper\dists\gradle-8.14.3-bin\cv11ve7ro1n3o1j4so8xd9n66\gradle-8.14.3\lib\agents\gradle-instrumentation-agent-8.14.3.jar org.gradle.launcher.daemon.bootstrap.GradleDaemon 8.14.3

Host: 13th Gen Intel(R) Core(TM) i5-1335U, 12 cores, 7G,  Windows 11 , 64 bit Build 26100 (10.0.26100.9278)
Time: Tue Sep  8 16:21:00 2026 India Standard Time elapsed time: 376.413883 seconds (0d 0h 6m 16s)

---------------  T H R E A D  ---------------

Current thread (0x000001dd5e3496f0):  VMThread "VM Thread"          [id=26784, stack(0x0000008d84a00000,0x0000008d84b00000) (1024K)]

Stack: [0x0000008d84a00000,0x0000008d84b00000]
Native frames: (J=compiled Java code, j=interpreted, Vv=VM code, C=native code)
V  [jvm.dll+0x6d83e9]
V  [jvm.dll+0x8b5736]
V  [jvm.dll+0x8b7cee]
V  [jvm.dll+0x8b83d3]
V  [jvm.dll+0x284596]
V  [jvm.dll+0x6d4d05]
V  [jvm.dll+0x6c898a]
V  [jvm.dll+0x35f2f8]
V  [jvm.dll+0x366f36]
V  [jvm.dll+0x3b804e]
V  [jvm.dll+0x3b82f8]
V  [jvm.dll+0x33320c]
V  [jvm.dll+0x33329a]
V  [jvm.dll+0x377382]
V  [jvm.dll+0x375b1a]
V  [jvm.dll+0x332951]
V  [jvm.dll+0x37517a]
V  [jvm.dll+0x8be0c0]
V  [jvm.dll+0x8bf434]
V  [jvm.dll+0x8bf960]
V  [jvm.dll+0x8bfc03]
V  [jvm.dll+0x8600cd]
V  [jvm.dll+0x6d6c1d]
C  [ucrtbase.dll+0x2cd30]
C  [KERNEL32.DLL+0x2ccb7]
C  [ntdll.dll+0xacaec]

VM_Operation (0x0000008d8b2fc090): G1CollectForAllocation, mode: safepoint, requested by thread 0x000001dd00fa6ed0


---------------  P R O C E S S  ---------------

Threads class SMR info:
_java_thread_list=0x000001dd096474e0, length=195, elements={
0x000001dd46df0d80, 0x000001dd5e36d030, 0x000001dd5e36d6a0, 0x000001dd5e36e070,
0x000001dd5ea10090, 0x000001dd5ea109e0, 0x000001dd5e376540, 0x000001dd5ea116e0,
0x000001dd5e379c30, 0x000001dd5e373de0, 0x000001dd5e376bd0, 0x000001dd5e375190,
0x000001dd5e375eb0, 0x000001dd5e374b00, 0x000001dd7f643f10, 0x000001dd7f641120,
0x000001dd7f6417b0, 0x000001dd7f641e40, 0x000001dd7f642b60, 0x000001dd7f6424d0,
0x000001dd7f640a90, 0x000001dd7f645fe0, 0x000001dd7f644c30, 0x000001dd7f6445a0,
0x000001dd7f645950, 0x000001dd7f6431f0, 0x000001dd7f646d00, 0x000001dd7f647390,
0x000001dd01aac500, 0x000001dd01aacb90, 0x000001dd01aad220, 0x000001dd01aaa430,
0x000001dd01aa9da0, 0x000001dd01aad8b0, 0x000001dd01aadf40, 0x000001dd01aaaac0,
0x000001dd01aaf980, 0x000001dd01aaf2f0, 0x000001dd01ab06a0, 0x000001dd01ab13c0,
0x000001dd5e374470, 0x000001dd5ebb8bf0, 0x000001dd5ebb6b20, 0x000001dd5ebb71b0,
0x000001dd5ebb7ed0, 0x000001dd5ebb9280, 0x000001dd5ebb9910, 0x000001dd5ebb9fa0,
0x000001dd7ee0e4f0, 0x000001dd7ee0eb80, 0x000001dd7ee0f8a0, 0x000001dd7ee0cab0,
0x000001dd7ee0ff30, 0x000001dd7ee0d7d0, 0x000001dd7ee0de60, 0x000001dd7ee105c0,
0x000001dd7ee0d140, 0x000001dd7ee11970, 0x000001dd7ee13a40, 0x000001dd7ee12d20,
0x000001dd7ee10c50, 0x000001dd7ee133b0, 0x000001dd7ee140d0, 0x000001dd7ee112e0,
0x000001dd7ee12000, 0x000001dd7ee12690, 0x000001dd5ead7780, 0x000001dd5ead91c0,
0x000001dd5eada570, 0x000001dd5eadac00, 0x000001dd5ead9850, 0x000001dd5eadb290,
0x000001dd5ead9ee0, 0x000001dd5ead7e10, 0x000001dd5eadb920, 0x000001dd5ead84a0,
0x000001dd5ead8b30, 0x000001dd5eade710, 0x000001dd00fa1980, 0x000001dd00fa4770,
0x000001dd00fa4e00, 0x000001dd00fa2010, 0x000001dd00fa33c0, 0x000001dd00fa2d30,
0x000001dd00fa5490, 0x000001dd00fa5b20, 0x000001dd00fa26a0, 0x000001dd00fa3a50,
0x000001dd00fa6ed0, 0x000001dd00fa40e0, 0x000001dd00fa8910, 0x000001dd00fa8280,
0x000001dd00fa6840, 0x000001dd00fa8fa0, 0x000001dd00fa7560, 0x000001dd00fa7bf0,
0x000001dd5eadd9f0, 0x000001dd5eade080, 0x000001dd00c47760, 0x000001dd00c463b0,
0x000001dd00c46a40, 0x000001dd00c491a0, 0x000001dd00c470d0, 0x000001dd00c47df0,
0x000001dd00c48b10, 0x000001dd00c45d20, 0x000001dd00c49830, 0x000001dd00c49ec0,
0x000001dd00c4a550, 0x000001dd00c4abe0, 0x000001dd00c4b270, 0x000001dd00c4b900,
0x000001dd00c48480, 0x000001dd00c4bf90, 0x000001dd00a6d380, 0x000001dd00a69f00,
0x000001dd00a70e90, 0x000001dd00a6fae0, 0x000001dd00a6e0a0, 0x000001dd00a6e730,
0x000001dd00c4c620, 0x000001dd00c4ccb0, 0x000001dd00c4d340, 0x000001dd5eadeda0,
0x000001dd00fc1990, 0x000001dd00fbff50, 0x000001dd00fc2020, 0x000001dd00fc2d40,
0x000001dd00fc33d0, 0x000001dd00fc26b0, 0x000001dd00fc3a60, 0x000001dd00fc05e0,
0x000001dd00fc40f0, 0x000001dd00fc0c70, 0x000001dd00fc4780, 0x000001dd00fc1300,
0x000001dd00fc54a0, 0x000001dd00fc5b30, 0x000001dd00fc61c0, 0x000001dd00fc6850,
0x000001dd00fc6ee0, 0x000001dd00fc4e10, 0x000001dd00fc7570, 0x000001dd00b28640,
0x000001dd00b28cd0, 0x000001dd00b29360, 0x000001dd00b25ee0, 0x000001dd00b26570,
0x000001dd00b299f0, 0x000001dd00b27920, 0x000001dd00b26c00, 0x000001dd00b27fb0,
0x000001dd00b2a080, 0x000001dd00b2a710, 0x000001dd00b27290, 0x000001dd00b2d500,
0x000001dd00b2c150, 0x000001dd00b2ada0, 0x000001dd00b2ce70, 0x000001dd00b2c7e0,
0x000001dd00b2e8b0, 0x000001dd00b2bac0, 0x000001dd00b2db90, 0x000001dd00b2e220,
0x000001dd00b2b430, 0x000001dd00b31d30, 0x000001dd00b323c0, 0x000001dd00b31010,
0x000001dd00b2ef40, 0x000001dd00b32a50, 0x000001dd00b316a0, 0x000001dd00b302f0,
0x000001dd00b2f5d0, 0x000001dd00b330e0, 0x000001dd00b2fc60, 0x000001dd03af7470,
0x000001dd03afaf80, 0x000001dd03af8eb0, 0x000001dd03af7b00, 0x000001dd03afc330,
0x000001dd03afa8f0, 0x000001dd03af8190, 0x000001dd006e51f0, 0x000001dd004aa1e0,
0x000001dd004aa870, 0x000001dd01b4c4a0, 0x000001dd09431920, 0x000001dd09431fb0,
0x000001dd004aaf00, 0x000001dd0ae17af0, 0x000001dd0adb2bd0, 0x000001dd0adb3260,
0x000001dd006e65a0, 0x000001dd02d76860, 0x000001dd09022ce0
}

Java Threads: ( => current thread )
  0x000001dd46df0d80 JavaThread "main"                              [_thread_blocked, id=3200, stack(0x0000008d84300000,0x0000008d84400000) (1024K)]
  0x000001dd5e36d030 JavaThread "Reference Handler"          daemon [_thread_blocked, id=15324, stack(0x0000008d84b00000,0x0000008d84c00000) (1024K)]
  0x000001dd5e36d6a0 JavaThread "Finalizer"                  daemon [_thread_blocked, id=27596, stack(0x0000008d84c00000,0x0000008d84d00000) (1024K)]
  0x000001dd5e36e070 JavaThread "Signal Dispatcher"          daemon [_thread_blocked, id=10744, stack(0x0000008d84d00000,0x0000008d84e00000) (1024K)]
  0x000001dd5ea10090 JavaThread "Attach Listener"            daemon [_thread_blocked, id=8960, stack(0x0000008d84e00000,0x0000008d84f00000) (1024K)]
  0x000001dd5ea109e0 JavaThread "Service Thread"             daemon [_thread_blocked, id=10228, stack(0x0000008d84f00000,0x0000008d85000000) (1024K)]
  0x000001dd5e376540 JavaThread "Monitor Deflation Thread"   daemon [_thread_blocked, id=25500, stack(0x0000008d85000000,0x0000008d85100000) (1024K)]
  0x000001dd5ea116e0 JavaThread "C2 CompilerThread0"         daemon [_thread_blocked, id=24008, stack(0x0000008d85100000,0x0000008d85200000) (1024K)]
  0x000001dd5e379c30 JavaThread "C1 CompilerThread0"         daemon [_thread_blocked, id=25824, stack(0x0000008d85200000,0x0000008d85300000) (1024K)]
  0x000001dd5e373de0 JavaThread "Common-Cleaner"             daemon [_thread_blocked, id=28132, stack(0x0000008d85300000,0x0000008d85400000) (1024K)]
  0x000001dd5e376bd0 JavaThread "Notification Thread"        daemon [_thread_blocked, id=23068, stack(0x0000008d85400000,0x0000008d85500000) (1024K)]
  0x000001dd5e375190 JavaThread "Daemon health stats"               [_thread_blocked, id=9616, stack(0x0000008d85a00000,0x0000008d85b00000) (1024K)]
  0x000001dd5e375eb0 JavaThread "Incoming local TCP Connector on port 52724"        [_thread_in_native, id=16604, stack(0x0000008d85500000,0x0000008d85600000) (1024K)]
  0x000001dd5e374b00 JavaThread "Daemon periodic checks"            [_thread_blocked, id=28208, stack(0x0000008d85b00000,0x0000008d85c00000) (1024K)]
  0x000001dd7f643f10 JavaThread "Daemon"                            [_thread_blocked, id=26932, stack(0x0000008d86100000,0x0000008d86200000) (1024K)]
  0x000001dd7f641120 JavaThread "Handler for socket connection from /127.0.0.1:52724 to /127.0.0.1:52726"        [_thread_in_native, id=6008, stack(0x0000008d86200000,0x0000008d86300000) (1024K)]
  0x000001dd7f6417b0 JavaThread "Cancel handler"                    [_thread_blocked, id=21632, stack(0x0000008d86300000,0x0000008d86400000) (1024K)]
  0x000001dd7f641e40 JavaThread "Daemon worker"                     [_thread_blocked, id=26572, stack(0x0000008d86400000,0x0000008d86500000) (1024K)]
  0x000001dd7f642b60 JavaThread "Asynchronous log dispatcher for DefaultDaemonConnection: socket connection from /127.0.0.1:52724 to /127.0.0.1:52726"        [_thread_blocked, id=4100, stack(0x0000008d86500000,0x0000008d86600000) (1024K)]
  0x000001dd7f6424d0 JavaThread "Stdin handler"                     [_thread_blocked, id=27152, stack(0x0000008d86600000,0x0000008d86700000) (1024K)]
  0x000001dd7f640a90 JavaThread "Daemon client event forwarder"        [_thread_blocked, id=28136, stack(0x0000008d86700000,0x0000008d86800000) (1024K)]
  0x000001dd7f645fe0 JavaThread "Cache worker for journal cache (C:\Users\Balachandran\.gradle\caches\journal-1)"        [_thread_blocked, id=26744, stack(0x0000008d86800000,0x0000008d86900000) (1024K)]
  0x000001dd7f644c30 JavaThread "File lock request listener"        [_thread_in_native, id=12232, stack(0x0000008d86900000,0x0000008d86a00000) (1024K)]
  0x000001dd7f6445a0 JavaThread "Cache worker for file hash cache (C:\Users\Balachandran\.gradle\caches\8.14.3\fileHashes)"        [_thread_blocked, id=23396, stack(0x0000008d86a00000,0x0000008d86b00000) (1024K)]
  0x000001dd7f645950 JavaThread "Cache worker for file hash cache (D:\MummysMarket\android\.gradle\8.14.3\fileHashes)"        [_thread_blocked, id=26464, stack(0x0000008d87000000,0x0000008d87100000) (1024K)]
  0x000001dd7f6431f0 JavaThread "Cache worker for Build Output Cleanup Cache (D:\MummysMarket\android\.gradle\buildOutputCleanup)"        [_thread_blocked, id=28468, stack(0x0000008d87100000,0x0000008d87200000) (1024K)]
  0x000001dd7f646d00 JavaThread "File watcher server"        daemon [_thread_in_native, id=25728, stack(0x0000008d87200000,0x0000008d87300000) (1024K)]
  0x000001dd7f647390 JavaThread "File watcher consumer"      daemon [_thread_blocked, id=5872, stack(0x0000008d87300000,0x0000008d87400000) (1024K)]
  0x000001dd01aac500 JavaThread "jar transforms"                    [_thread_blocked, id=11032, stack(0x0000008d86c00000,0x0000008d86d00000) (1024K)]
  0x000001dd01aacb90 JavaThread "jar transforms Thread 2"           [_thread_blocked, id=28192, stack(0x0000008d87400000,0x0000008d87500000) (1024K)]
  0x000001dd01aad220 JavaThread "Cache worker for checksums cache (D:\MummysMarket\android\.gradle\8.14.3\checksums)"        [_thread_blocked, id=13476, stack(0x0000008d87500000,0x0000008d87600000) (1024K)]
  0x000001dd01aaa430 JavaThread "Cache worker for file content cache (C:\Users\Balachandran\.gradle\caches\8.14.3\fileContent)"        [_thread_blocked, id=24416, stack(0x0000008d87600000,0x0000008d87700000) (1024K)]
  0x000001dd01aa9da0 JavaThread "jar transforms Thread 3"           [_thread_blocked, id=3820, stack(0x0000008d87700000,0x0000008d87800000) (1024K)]
  0x000001dd01aad8b0 JavaThread "Cache worker for cache directory md-supplier (C:\Users\Balachandran\.gradle\caches\8.14.3\md-supplier)"        [_thread_blocked, id=26264, stack(0x0000008d86f00000,0x0000008d87000000) (1024K)]
  0x000001dd01aadf40 JavaThread "Cache worker for cache directory md-rule (C:\Users\Balachandran\.gradle\caches\8.14.3\md-rule)"        [_thread_blocked, id=5900, stack(0x0000008d87b00000,0x0000008d87c00000) (1024K)]
  0x000001dd01aaaac0 JavaThread "Cache worker for Build Output Cleanup Cache (D:\MummysMarket\node_modules\@react-native\gradle-plugin\.gradle\buildOutputCleanup)"        [_thread_blocked, id=13528, stack(0x0000008d87c00000,0x0000008d87d00000) (1024K)]
  0x000001dd01aaf980 JavaThread "Unconstrained build operations"        [_thread_blocked, id=11048, stack(0x0000008d87e00000,0x0000008d87f00000) (1024K)]
  0x000001dd01aaf2f0 JavaThread "Unconstrained build operations Thread 2"        [_thread_blocked, id=28288, stack(0x0000008d87f00000,0x0000008d88000000) (1024K)]
  0x000001dd01ab06a0 JavaThread "Unconstrained build operations Thread 3"        [_thread_blocked, id=23476, stack(0x0000008d87d00000,0x0000008d87e00000) (1024K)]
  0x000001dd01ab13c0 JavaThread "Unconstrained build operations Thread 4"        [_thread_blocked, id=25348, stack(0x0000008d88000000,0x0000008d88100000) (1024K)]
  0x000001dd5e374470 JavaThread "Unconstrained build operations Thread 5"        [_thread_blocked, id=12408, stack(0x0000008d88100000,0x0000008d88200000) (1024K)]
  0x000001dd5ebb8bf0 JavaThread "Unconstrained build operations Thread 6"        [_thread_blocked, id=27740, stack(0x0000008d88200000,0x0000008d88300000) (1024K)]
  0x000001dd5ebb6b20 JavaThread "Cache worker for Build Output Cleanup Cache (D:\MummysMarket\node_modules\expo-modules-autolinking\android\expo-gradle-plugin\.gradle\buildOutputCleanup)"        [_thread_blocked, id=6176, stack(0x0000008d88300000,0x0000008d88400000) (1024K)]
  0x000001dd5ebb71b0 JavaThread "Unconstrained build operations Thread 7"        [_thread_blocked, id=28456, stack(0x0000008d88600000,0x0000008d88700000) (1024K)]
  0x000001dd5ebb7ed0 JavaThread "Unconstrained build operations Thread 8"        [_thread_blocked, id=27724, stack(0x0000008d88700000,0x0000008d88800000) (1024K)]
  0x000001dd5ebb9280 JavaThread "Unconstrained build operations Thread 9"        [_thread_blocked, id=25144, stack(0x0000008d88800000,0x0000008d88900000) (1024K)]
  0x000001dd5ebb9910 JavaThread "Unconstrained build operations Thread 10"        [_thread_blocked, id=20832, stack(0x0000008d88900000,0x0000008d88a00000) (1024K)]
  0x000001dd5ebb9fa0 JavaThread "Unconstrained build operations Thread 11"        [_thread_blocked, id=16020, stack(0x0000008d88a00000,0x0000008d88b00000) (1024K)]
  0x000001dd7ee0e4f0 JavaThread "Unconstrained build operations Thread 12"        [_thread_blocked, id=21176, stack(0x0000008d88b00000,0x0000008d88c00000) (1024K)]
  0x000001dd7ee0eb80 JavaThread "Unconstrained build operations Thread 13"        [_thread_blocked, id=17256, stack(0x0000008d88c00000,0x0000008d88d00000) (1024K)]
  0x000001dd7ee0f8a0 JavaThread "Unconstrained build operations Thread 14"        [_thread_blocked, id=13584, stack(0x0000008d88d00000,0x0000008d88e00000) (1024K)]
  0x000001dd7ee0cab0 JavaThread "Unconstrained build operations Thread 15"        [_thread_blocked, id=25720, stack(0x0000008d88e00000,0x0000008d88f00000) (1024K)]
  0x000001dd7ee0ff30 JavaThread "Unconstrained build operations Thread 16"        [_thread_blocked, id=28196, stack(0x0000008d88f00000,0x0000008d89000000) (1024K)]
  0x000001dd7ee0d7d0 JavaThread "Unconstrained build operations Thread 17"        [_thread_blocked, id=24184, stack(0x0000008d89000000,0x0000008d89100000) (1024K)]
  0x000001dd7ee0de60 JavaThread "Unconstrained build operations Thread 18"        [_thread_blocked, id=27552, stack(0x0000008d88400000,0x0000008d88500000) (1024K)]
  0x000001dd7ee105c0 JavaThread "Unconstrained build operations Thread 19"        [_thread_blocked, id=23744, stack(0x0000008d89100000,0x0000008d89200000) (1024K)]
  0x000001dd7ee0d140 JavaThread "Unconstrained build operations Thread 20"        [_thread_blocked, id=23432, stack(0x0000008d89200000,0x0000008d89300000) (1024K)]
  0x000001dd7ee11970 JavaThread "Unconstrained build operations Thread 21"        [_thread_blocked, id=26080, stack(0x0000008d89300000,0x0000008d89400000) (1024K)]
  0x000001dd7ee13a40 JavaThread "Unconstrained build operations Thread 22"        [_thread_blocked, id=28172, stack(0x0000008d89400000,0x0000008d89500000) (1024K)]
  0x000001dd7ee12d20 JavaThread "Unconstrained build operations Thread 23"        [_thread_blocked, id=22300, stack(0x0000008d89500000,0x0000008d89600000) (1024K)]
  0x000001dd7ee10c50 JavaThread "Unconstrained build operations Thread 24"        [_thread_blocked, id=15296, stack(0x0000008d89700000,0x0000008d89800000) (1024K)]
  0x000001dd7ee133b0 JavaThread "Unconstrained build operations Thread 25"        [_thread_blocked, id=7896, stack(0x0000008d89800000,0x0000008d89900000) (1024K)]
  0x000001dd7ee140d0 JavaThread "Unconstrained build operations Thread 26"        [_thread_blocked, id=20732, stack(0x0000008d89900000,0x0000008d89a00000) (1024K)]
  0x000001dd7ee112e0 JavaThread "Unconstrained build operations Thread 27"        [_thread_blocked, id=21752, stack(0x0000008d89a00000,0x0000008d89b00000) (1024K)]
  0x000001dd7ee12000 JavaThread "Unconstrained build operations Thread 28"        [_thread_blocked, id=28392, stack(0x0000008d89b00000,0x0000008d89c00000) (1024K)]
  0x000001dd7ee12690 JavaThread "Unconstrained build operations Thread 29"        [_thread_blocked, id=25248, stack(0x0000008d89c00000,0x0000008d89d00000) (1024K)]
  0x000001dd5ead7780 JavaThread "Unconstrained build operations Thread 30"        [_thread_blocked, id=26172, stack(0x0000008d89d00000,0x0000008d89e00000) (1024K)]
  0x000001dd5ead91c0 JavaThread "Unconstrained build operations Thread 31"        [_thread_blocked, id=22228, stack(0x0000008d89e00000,0x0000008d89f00000) (1024K)]
  0x000001dd5eada570 JavaThread "Unconstrained build operations Thread 32"        [_thread_blocked, id=28524, stack(0x0000008d89f00000,0x0000008d8a000000) (1024K)]
  0x000001dd5eadac00 JavaThread "Unconstrained build operations Thread 33"        [_thread_blocked, id=25668, stack(0x0000008d8a000000,0x0000008d8a100000) (1024K)]
  0x000001dd5ead9850 JavaThread "Unconstrained build operations Thread 34"        [_thread_blocked, id=22016, stack(0x0000008d8a100000,0x0000008d8a200000) (1024K)]
  0x000001dd5eadb290 JavaThread "Unconstrained build operations Thread 35"        [_thread_blocked, id=23404, stack(0x0000008d8a200000,0x0000008d8a300000) (1024K)]
  0x000001dd5ead9ee0 JavaThread "Unconstrained build operations Thread 36"        [_thread_blocked, id=9452, stack(0x0000008d8a300000,0x0000008d8a400000) (1024K)]
  0x000001dd5ead7e10 JavaThread "Unconstrained build operations Thread 37"        [_thread_blocked, id=24956, stack(0x0000008d8a400000,0x0000008d8a500000) (1024K)]
  0x000001dd5eadb920 JavaThread "Unconstrained build operations Thread 38"        [_thread_blocked, id=15032, stack(0x0000008d8a500000,0x0000008d8a600000) (1024K)]
  0x000001dd5ead84a0 JavaThread "Unconstrained build operations Thread 39"        [_thread_blocked, id=26944, stack(0x0000008d8a600000,0x0000008d8a700000) (1024K)]
  0x000001dd5ead8b30 JavaThread "build event listener"              [_thread_blocked, id=22260, stack(0x0000008d8a700000,0x0000008d8a800000) (1024K)]
  0x000001dd5eade710 JavaThread "Memory manager"                    [_thread_blocked, id=26020, stack(0x0000008d89600000,0x0000008d89700000) (1024K)]
  0x000001dd00fa1980 JavaThread "Unconstrained build operations Thread 40"        [_thread_blocked, id=18428, stack(0x0000008d8a800000,0x0000008d8a900000) (1024K)]
  0x000001dd00fa4770 JavaThread "Unconstrained build operations Thread 41"        [_thread_blocked, id=26532, stack(0x0000008d8a900000,0x0000008d8aa00000) (1024K)]
  0x000001dd00fa4e00 JavaThread "Unconstrained build operations Thread 42"        [_thread_blocked, id=22920, stack(0x0000008d8aa00000,0x0000008d8ab00000) (1024K)]
  0x000001dd00fa2010 JavaThread "Unconstrained build operations Thread 43"        [_thread_blocked, id=26612, stack(0x0000008d8ab00000,0x0000008d8ac00000) (1024K)]
  0x000001dd00fa33c0 JavaThread "Unconstrained build operations Thread 44"        [_thread_blocked, id=21344, stack(0x0000008d8ac00000,0x0000008d8ad00000) (1024K)]
  0x000001dd00fa2d30 JavaThread "Unconstrained build operations Thread 45"        [_thread_blocked, id=17152, stack(0x0000008d8ad00000,0x0000008d8ae00000) (1024K)]
  0x000001dd00fa5490 JavaThread "Unconstrained build operations Thread 46"        [_thread_blocked, id=27980, stack(0x0000008d8ae00000,0x0000008d8af00000) (1024K)]
  0x000001dd00fa5b20 JavaThread "Unconstrained build operations Thread 47"        [_thread_blocked, id=8972, stack(0x0000008d8af00000,0x0000008d8b000000) (1024K)]
  0x000001dd00fa26a0 JavaThread "Unconstrained build operations Thread 48"        [_thread_blocked, id=28544, stack(0x0000008d8b000000,0x0000008d8b100000) (1024K)]
  0x000001dd00fa3a50 JavaThread "Unconstrained build operations Thread 49"        [_thread_blocked, id=17036, stack(0x0000008d8b100000,0x0000008d8b200000) (1024K)]
  0x000001dd00fa6ed0 JavaThread "Unconstrained build operations Thread 50"        [_thread_blocked, id=14528, stack(0x0000008d8b200000,0x0000008d8b300000) (1024K)]
  0x000001dd00fa40e0 JavaThread "build event listener"              [_thread_blocked, id=21824, stack(0x0000008d8b300000,0x0000008d8b400000) (1024K)]
  0x000001dd00fa8910 JavaThread "Unconstrained build operations Thread 51"        [_thread_blocked, id=11932, stack(0x0000008d8b400000,0x0000008d8b500000) (1024K)]
  0x000001dd00fa8280 JavaThread "Unconstrained build operations Thread 52"        [_thread_blocked, id=27144, stack(0x0000008d8b500000,0x0000008d8b600000) (1024K)]
  0x000001dd00fa6840 JavaThread "Unconstrained build operations Thread 53"        [_thread_blocked, id=23380, stack(0x0000008d8b600000,0x0000008d8b700000) (1024K)]
  0x000001dd00fa8fa0 JavaThread "Unconstrained build operations Thread 54"        [_thread_blocked, id=11404, stack(0x0000008d8b700000,0x0000008d8b800000) (1024K)]
  0x000001dd00fa7560 JavaThread "Unconstrained build operations Thread 55"        [_thread_blocked, id=25820, stack(0x0000008d8b800000,0x0000008d8b900000) (1024K)]
  0x000001dd00fa7bf0 JavaThread "Unconstrained build operations Thread 56"        [_thread_blocked, id=28632, stack(0x0000008d8b900000,0x0000008d8ba00000) (1024K)]
  0x000001dd5eadd9f0 JavaThread "Unconstrained build operations Thread 57"        [_thread_blocked, id=23664, stack(0x0000008d8ba00000,0x0000008d8bb00000) (1024K)]
  0x000001dd5eade080 JavaThread "Unconstrained build operations Thread 58"        [_thread_blocked, id=28264, stack(0x0000008d8bb00000,0x0000008d8bc00000) (1024K)]
  0x000001dd00c47760 JavaThread "Unconstrained build operations Thread 59"        [_thread_blocked, id=26044, stack(0x0000008d8bc00000,0x0000008d8bd00000) (1024K)]
  0x000001dd00c463b0 JavaThread "Unconstrained build operations Thread 60"        [_thread_blocked, id=27284, stack(0x0000008d8bd00000,0x0000008d8be00000) (1024K)]
  0x000001dd00c46a40 JavaThread "Unconstrained build operations Thread 61"        [_thread_blocked, id=21244, stack(0x0000008d8be00000,0x0000008d8bf00000) (1024K)]
  0x000001dd00c491a0 JavaThread "Unconstrained build operations Thread 62"        [_thread_blocked, id=24508, stack(0x0000008d8bf00000,0x0000008d8c000000) (1024K)]
  0x000001dd00c470d0 JavaThread "Unconstrained build operations Thread 63"        [_thread_blocked, id=4252, stack(0x0000008d8c000000,0x0000008d8c100000) (1024K)]
  0x000001dd00c47df0 JavaThread "Unconstrained build operations Thread 64"        [_thread_blocked, id=25148, stack(0x0000008d8c100000,0x0000008d8c200000) (1024K)]
  0x000001dd00c48b10 JavaThread "Unconstrained build operations Thread 65"        [_thread_blocked, id=23104, stack(0x0000008d8c200000,0x0000008d8c300000) (1024K)]
  0x000001dd00c45d20 JavaThread "Unconstrained build operations Thread 66"        [_thread_blocked, id=3680, stack(0x0000008d8c300000,0x0000008d8c400000) (1024K)]
  0x000001dd00c49830 JavaThread "Unconstrained build operations Thread 67"        [_thread_blocked, id=13280, stack(0x0000008d8c400000,0x0000008d8c500000) (1024K)]
  0x000001dd00c49ec0 JavaThread "Unconstrained build operations Thread 68"        [_thread_blocked, id=28624, stack(0x0000008d8c500000,0x0000008d8c600000) (1024K)]
  0x000001dd00c4a550 JavaThread "Unconstrained build operations Thread 69"        [_thread_blocked, id=3484, stack(0x0000008d8c600000,0x0000008d8c700000) (1024K)]
  0x000001dd00c4abe0 JavaThread "Unconstrained build operations Thread 70"        [_thread_blocked, id=3036, stack(0x0000008d8c700000,0x0000008d8c800000) (1024K)]
  0x000001dd00c4b270 JavaThread "Unconstrained build operations Thread 71"        [_thread_blocked, id=27304, stack(0x0000008d8c800000,0x0000008d8c900000) (1024K)]
  0x000001dd00c4b900 JavaThread "Unconstrained build operations Thread 72"        [_thread_blocked, id=27124, stack(0x0000008d8c900000,0x0000008d8ca00000) (1024K)]
  0x000001dd00c48480 JavaThread "Unconstrained build operations Thread 73"        [_thread_blocked, id=25980, stack(0x0000008d8ca00000,0x0000008d8cb00000) (1024K)]
  0x000001dd00c4bf90 JavaThread "Unconstrained build operations Thread 74"        [_thread_blocked, id=18760, stack(0x0000008d8cb00000,0x0000008d8cc00000) (1024K)]
  0x000001dd00a6d380 JavaThread "ForkJoinPool.commonPool-worker-6" daemon [_thread_blocked, id=2152, stack(0x0000008d8d100000,0x0000008d8d200000) (1024K)]
  0x000001dd00a69f00 JavaThread "ForkJoinPool.commonPool-worker-7" daemon [_thread_blocked, id=27504, stack(0x0000008d8d200000,0x0000008d8d300000) (1024K)]
  0x000001dd00a70e90 JavaThread "Execution worker"                  [_thread_blocked, id=25916, stack(0x0000008d8d800000,0x0000008d8d900000) (1024K)]
  0x000001dd00a6fae0 JavaThread "Execution worker Thread 2"         [_thread_blocked, id=10784, stack(0x0000008d8d900000,0x0000008d8da00000) (1024K)]
  0x000001dd00a6e0a0 JavaThread "Execution worker Thread 3"         [_thread_blocked, id=8992, stack(0x0000008d8da00000,0x0000008d8db00000) (1024K)]
  0x000001dd00a6e730 JavaThread "Execution worker Thread 4"         [_thread_blocked, id=23724, stack(0x0000008d8db00000,0x0000008d8dc00000) (1024K)]
  0x000001dd00c4c620 JavaThread "Execution worker Thread 5"         [_thread_blocked, id=28028, stack(0x0000008d8dc00000,0x0000008d8dd00000) (1024K)]
  0x000001dd00c4ccb0 JavaThread "Execution worker Thread 6"         [_thread_blocked, id=20672, stack(0x0000008d8dd00000,0x0000008d8de00000) (1024K)]
  0x000001dd00c4d340 JavaThread "Execution worker Thread 7"         [_thread_blocked, id=26844, stack(0x0000008d8de00000,0x0000008d8df00000) (1024K)]
  0x000001dd5eadeda0 JavaThread "Execution worker Thread 8"         [_thread_blocked, id=2472, stack(0x0000008d8df00000,0x0000008d8e000000) (1024K)]
  0x000001dd00fc1990 JavaThread "Execution worker Thread 9"         [_thread_blocked, id=23796, stack(0x0000008d8e000000,0x0000008d8e100000) (1024K)]
  0x000001dd00fbff50 JavaThread "Execution worker Thread 10"        [_thread_blocked, id=22220, stack(0x0000008d8e100000,0x0000008d8e200000) (1024K)]
  0x000001dd00fc2020 JavaThread "Execution worker Thread 11"        [_thread_blocked, id=27856, stack(0x0000008d8e200000,0x0000008d8e300000) (1024K)]
  0x000001dd00fc2d40 JavaThread "Cache worker for execution history cache (D:\MummysMarket\node_modules\@react-native\gradle-plugin\.gradle\8.14.3\executionHistory)"        [_thread_blocked, id=18944, stack(0x0000008d8e300000,0x0000008d8e400000) (1024K)]
  0x000001dd00fc33d0 JavaThread "Cache worker for execution history cache (D:\MummysMarket\node_modules\expo-modules-autolinking\android\expo-gradle-plugin\.gradle\8.14.3\executionHistory)"        [_thread_blocked, id=27168, stack(0x0000008d8e400000,0x0000008d8e500000) (1024K)]
  0x000001dd00fc26b0 JavaThread "Unconstrained build operations Thread 75"        [_thread_blocked, id=21980, stack(0x0000008d8e500000,0x0000008d8e600000) (1024K)]
  0x000001dd00fc3a60 JavaThread "Unconstrained build operations Thread 76"        [_thread_blocked, id=11632, stack(0x0000008d8e600000,0x0000008d8e700000) (1024K)]
  0x000001dd00fc05e0 JavaThread "Unconstrained build operations Thread 77"        [_thread_blocked, id=22304, stack(0x0000008d8e700000,0x0000008d8e800000) (1024K)]
  0x000001dd00fc40f0 JavaThread "Unconstrained build operations Thread 78"        [_thread_blocked, id=28052, stack(0x0000008d8e800000,0x0000008d8e900000) (1024K)]
  0x000001dd00fc0c70 JavaThread "Unconstrained build operations Thread 79"        [_thread_blocked, id=17560, stack(0x0000008d8e900000,0x0000008d8ea00000) (1024K)]
  0x000001dd00fc4780 JavaThread "Unconstrained build operations Thread 80"        [_thread_blocked, id=19996, stack(0x0000008d8ea00000,0x0000008d8eb00000) (1024K)]
  0x000001dd00fc1300 JavaThread "Unconstrained build operations Thread 81"        [_thread_blocked, id=8284, stack(0x0000008d8eb00000,0x0000008d8ec00000) (1024K)]
  0x000001dd00fc54a0 JavaThread "Unconstrained build operations Thread 82"        [_thread_blocked, id=27896, stack(0x0000008d8ec00000,0x0000008d8ed00000) (1024K)]
  0x000001dd00fc5b30 JavaThread "Unconstrained build operations Thread 83"        [_thread_blocked, id=6720, stack(0x0000008d8ed00000,0x0000008d8ee00000) (1024K)]
  0x000001dd00fc61c0 JavaThread "Unconstrained build operations Thread 84"        [_thread_blocked, id=28188, stack(0x0000008d8ee00000,0x0000008d8ef00000) (1024K)]
  0x000001dd00fc6850 JavaThread "Unconstrained build operations Thread 85"        [_thread_blocked, id=18616, stack(0x0000008d8ef00000,0x0000008d8f000000) (1024K)]
  0x000001dd00fc6ee0 JavaThread "Unconstrained build operations Thread 86"        [_thread_blocked, id=4228, stack(0x0000008d8f000000,0x0000008d8f100000) (1024K)]
  0x000001dd00fc4e10 JavaThread "Unconstrained build operations Thread 87"        [_thread_blocked, id=12980, stack(0x0000008d8f100000,0x0000008d8f200000) (1024K)]
  0x000001dd00fc7570 JavaThread "Unconstrained build operations Thread 88"        [_thread_blocked, id=15332, stack(0x0000008d8f200000,0x0000008d8f300000) (1024K)]
  0x000001dd00b28640 JavaThread "Unconstrained build operations Thread 89"        [_thread_blocked, id=7132, stack(0x0000008d8f300000,0x0000008d8f400000) (1024K)]
  0x000001dd00b28cd0 JavaThread "Unconstrained build operations Thread 90"        [_thread_blocked, id=27248, stack(0x0000008d8f400000,0x0000008d8f500000) (1024K)]
  0x000001dd00b29360 JavaThread "Unconstrained build operations Thread 91"        [_thread_blocked, id=25632, stack(0x0000008d8f500000,0x0000008d8f600000) (1024K)]
  0x000001dd00b25ee0 JavaThread "Unconstrained build operations Thread 92"        [_thread_blocked, id=23312, stack(0x0000008d8f600000,0x0000008d8f700000) (1024K)]
  0x000001dd00b26570 JavaThread "Unconstrained build operations Thread 93"        [_thread_blocked, id=25936, stack(0x0000008d8f700000,0x0000008d8f800000) (1024K)]
  0x000001dd00b299f0 JavaThread "Unconstrained build operations Thread 94"        [_thread_blocked, id=25340, stack(0x0000008d8f800000,0x0000008d8f900000) (1024K)]
  0x000001dd00b27920 JavaThread "Unconstrained build operations Thread 95"        [_thread_blocked, id=26112, stack(0x0000008d8f900000,0x0000008d8fa00000) (1024K)]
  0x000001dd00b26c00 JavaThread "Unconstrained build operations Thread 96"        [_thread_blocked, id=25204, stack(0x0000008d8fa00000,0x0000008d8fb00000) (1024K)]
  0x000001dd00b27fb0 JavaThread "Unconstrained build operations Thread 97"        [_thread_blocked, id=10400, stack(0x0000008d8fb00000,0x0000008d8fc00000) (1024K)]
  0x000001dd00b2a080 JavaThread "Unconstrained build operations Thread 98"        [_thread_blocked, id=24892, stack(0x0000008d8fc00000,0x0000008d8fd00000) (1024K)]
  0x000001dd00b2a710 JavaThread "Unconstrained build operations Thread 99"        [_thread_blocked, id=21072, stack(0x0000008d8fd00000,0x0000008d8fe00000) (1024K)]
  0x000001dd00b27290 JavaThread "Unconstrained build operations Thread 100"        [_thread_blocked, id=28352, stack(0x0000008d8fe00000,0x0000008d8ff00000) (1024K)]
  0x000001dd00b2d500 JavaThread "Unconstrained build operations Thread 101"        [_thread_blocked, id=26076, stack(0x0000008d8ff00000,0x0000008d90000000) (1024K)]
  0x000001dd00b2c150 JavaThread "Unconstrained build operations Thread 102"        [_thread_blocked, id=27540, stack(0x0000008d90000000,0x0000008d90100000) (1024K)]
  0x000001dd00b2ada0 JavaThread "Unconstrained build operations Thread 103"        [_thread_blocked, id=27328, stack(0x0000008d90100000,0x0000008d90200000) (1024K)]
  0x000001dd00b2ce70 JavaThread "Unconstrained build operations Thread 104"        [_thread_blocked, id=12188, stack(0x0000008d90200000,0x0000008d90300000) (1024K)]
  0x000001dd00b2c7e0 JavaThread "Unconstrained build operations Thread 105"        [_thread_blocked, id=28060, stack(0x0000008d90300000,0x0000008d90400000) (1024K)]
  0x000001dd00b2e8b0 JavaThread "Unconstrained build operations Thread 106"        [_thread_blocked, id=21388, stack(0x0000008d90400000,0x0000008d90500000) (1024K)]
  0x000001dd00b2bac0 JavaThread "Unconstrained build operations Thread 107"        [_thread_blocked, id=23892, stack(0x0000008d90500000,0x0000008d90600000) (1024K)]
  0x000001dd00b2db90 JavaThread "Unconstrained build operations Thread 108"        [_thread_blocked, id=21236, stack(0x0000008d90600000,0x0000008d90700000) (1024K)]
  0x000001dd00b2e220 JavaThread "Unconstrained build operations Thread 109"        [_thread_blocked, id=27840, stack(0x0000008d90700000,0x0000008d90800000) (1024K)]
  0x000001dd00b2b430 JavaThread "Unconstrained build operations Thread 110"        [_thread_blocked, id=26972, stack(0x0000008d90800000,0x0000008d90900000) (1024K)]
  0x000001dd00b31d30 JavaThread "Unconstrained build operations Thread 111"        [_thread_blocked, id=14092, stack(0x0000008d90900000,0x0000008d90a00000) (1024K)]
  0x000001dd00b323c0 JavaThread "Unconstrained build operations Thread 112"        [_thread_blocked, id=27240, stack(0x0000008d90a00000,0x0000008d90b00000) (1024K)]
  0x000001dd00b31010 JavaThread "Unconstrained build operations Thread 113"        [_thread_blocked, id=13132, stack(0x0000008d90b00000,0x0000008d90c00000) (1024K)]
  0x000001dd00b2ef40 JavaThread "Unconstrained build operations Thread 114"        [_thread_blocked, id=18692, stack(0x0000008d90c00000,0x0000008d90d00000) (1024K)]
  0x000001dd00b32a50 JavaThread "Unconstrained build operations Thread 115"        [_thread_blocked, id=26072, stack(0x0000008d90d00000,0x0000008d90e00000) (1024K)]
  0x000001dd00b316a0 JavaThread "Unconstrained build operations Thread 116"        [_thread_blocked, id=8976, stack(0x0000008d90e00000,0x0000008d90f00000) (1024K)]
  0x000001dd00b302f0 JavaThread "Unconstrained build operations Thread 117"        [_thread_blocked, id=27224, stack(0x0000008d90f00000,0x0000008d91000000) (1024K)]
  0x000001dd00b2f5d0 JavaThread "Unconstrained build operations Thread 118"        [_thread_blocked, id=18656, stack(0x0000008d91000000,0x0000008d91100000) (1024K)]
  0x000001dd00b330e0 JavaThread "Unconstrained build operations Thread 119"        [_thread_blocked, id=20000, stack(0x0000008d91100000,0x0000008d91200000) (1024K)]
  0x000001dd00b2fc60 JavaThread "Unconstrained build operations Thread 120"        [_thread_blocked, id=23996, stack(0x0000008d91200000,0x0000008d91300000) (1024K)]
  0x000001dd03af7470 JavaThread "WorkerExecutor Queue"              [_thread_blocked, id=15336, stack(0x0000008d91300000,0x0000008d91400000) (1024K)]
  0x000001dd03afaf80 JavaThread "RMI Scheduler(0)"           daemon [_thread_blocked, id=26936, stack(0x0000008d91400000,0x0000008d91500000) (1024K)]
  0x000001dd03af8eb0 JavaThread "RMI TCP Accept-0"           daemon [_thread_in_native, id=10328, stack(0x0000008d84200000,0x0000008d84300000) (1024K)]
  0x000001dd03af7b00 JavaThread "WorkerExecutor Queue Thread 2"        [_thread_blocked, id=6924, stack(0x0000008d84000000,0x0000008d84100000) (1024K)]
  0x000001dd03afc330 JavaThread "jar transforms Thread 4"           [_thread_blocked, id=29444, stack(0x0000008d8d300000,0x0000008d8d400000) (1024K)]
  0x000001dd03afa8f0 JavaThread "Cache worker for Build Output Cleanup Cache (D:\MummysMarket\node_modules\expo-modules-core\expo-module-gradle-plugin\.gradle\buildOutputCleanup)"        [_thread_blocked, id=29192, stack(0x0000008d86b00000,0x0000008d86c00000) (1024K)]
  0x000001dd03af8190 JavaThread "build event listener"              [_thread_blocked, id=29376, stack(0x0000008d8d400000,0x0000008d8d500000) (1024K)]
  0x000001dd006e51f0 JavaThread "jar transforms Thread 5"           [_thread_blocked, id=29108, stack(0x0000008d8d500000,0x0000008d8d600000) (1024K)]
  0x000001dd004aa1e0 JavaThread "Cache worker for execution history cache (D:\MummysMarket\node_modules\expo-modules-core\expo-module-gradle-plugin\.gradle\8.14.3\executionHistory)"        [_thread_blocked, id=30700, stack(0x0000008d91600000,0x0000008d91700000) (1024K)]
  0x000001dd004aa870 JavaThread "jar transforms Thread 6"           [_thread_blocked, id=29372, stack(0x0000008d87800000,0x0000008d87900000) (1024K)]
  0x000001dd01b4c4a0 JavaThread "Problems report writer"            [_thread_blocked, id=23428, stack(0x0000008d87900000,0x0000008d87a00000) (1024K)]
  0x000001dd09431920 JavaThread "jar transforms Thread 7"           [_thread_blocked, id=16396, stack(0x0000008d87a00000,0x0000008d87b00000) (1024K)]
  0x000001dd09431fb0 JavaThread "jar transforms Thread 8"           [_thread_blocked, id=29088, stack(0x0000008d8cf00000,0x0000008d8d000000) (1024K)]
  0x000001dd004aaf00 JavaThread "File lock release action executor Thread 3"        [_thread_blocked, id=29136, stack(0x0000008d91700000,0x0000008d91800000) (1024K)]
  0x000001dd0ae17af0 JavaThread "build event listener"              [_thread_blocked, id=23156, stack(0x0000008d91800000,0x0000008d91900000) (1024K)]
  0x000001dd0adb2bd0 JavaThread "jar transforms Thread 9"           [_thread_blocked, id=12996, stack(0x0000008d91900000,0x0000008d91a00000) (1024K)]
  0x000001dd0adb3260 JavaThread "jar transforms Thread 10"          [_thread_blocked, id=13944, stack(0x0000008d91a00000,0x0000008d91b00000) (1024K)]
  0x000001dd006e65a0 JavaThread "jar transforms Thread 11"          [_thread_blocked, id=15312, stack(0x0000008d91b00000,0x0000008d91c00000) (1024K)]
  0x000001dd02d76860 JavaThread "jar transforms Thread 12"          [_thread_blocked, id=23324, stack(0x0000008d91c00000,0x0000008d91d00000) (1024K)]
  0x000001dd09022ce0 JavaThread "File lock release action executor Thread 4"        [_thread_blocked, id=23172, stack(0x0000008d84100000,0x0000008d84200000) (1024K)]
Total: 195

Other Threads:
=>0x000001dd5e3496f0 VMThread "VM Thread"                           [id=26784, stack(0x0000008d84a00000,0x0000008d84b00000) (1024K)]
  0x000001dd5e33c110 WatcherThread "VM Periodic Task Thread"        [id=13412, stack(0x0000008d84900000,0x0000008d84a00000) (1024K)]
  0x000001dd46e4a280 WorkerThread "GC Thread#0"                     [id=24332, stack(0x0000008d84400000,0x0000008d84500000) (1024K)]
  0x000001dd5ece6ea0 WorkerThread "GC Thread#1"                     [id=20352, stack(0x0000008d85600000,0x0000008d85700000) (1024K)]
  0x000001dd5ed31570 WorkerThread "GC Thread#2"                     [id=27668, stack(0x0000008d85700000,0x0000008d85800000) (1024K)]
  0x000001dd7e885010 WorkerThread "GC Thread#3"                     [id=26300, stack(0x0000008d85800000,0x0000008d85900000) (1024K)]
  0x000001dd7ebec9d0 WorkerThread "GC Thread#4"                     [id=22360, stack(0x0000008d85900000,0x0000008d85a00000) (1024K)]
  0x000001dd7f6b9a00 WorkerThread "GC Thread#5"                     [id=25780, stack(0x0000008d85c00000,0x0000008d85d00000) (1024K)]
  0x000001dd7f6b3fe0 WorkerThread "GC Thread#6"                     [id=28348, stack(0x0000008d85d00000,0x0000008d85e00000) (1024K)]
  0x000001dd7f6b2d70 WorkerThread "GC Thread#7"                     [id=1568, stack(0x0000008d85e00000,0x0000008d85f00000) (1024K)]
  0x000001dd7f6b3880 WorkerThread "GC Thread#8"                     [id=25732, stack(0x0000008d85f00000,0x0000008d86000000) (1024K)]
  0x000001dd7f6b3120 WorkerThread "GC Thread#9"                     [id=28376, stack(0x0000008d86000000,0x0000008d86100000) (1024K)]
  0x000001dd46e5da00 ConcurrentGCThread "G1 Main Marker"            [id=21552, stack(0x0000008d84500000,0x0000008d84600000) (1024K)]
  0x000001dd46e5fef0 WorkerThread "G1 Conc#0"                       [id=22396, stack(0x0000008d84600000,0x0000008d84700000) (1024K)]
  0x000001dd026d9590 WorkerThread "G1 Conc#1"                       [id=11236, stack(0x0000008d86d00000,0x0000008d86e00000) (1024K)]
  0x000001dd026d8a80 WorkerThread "G1 Conc#2"                       [id=27904, stack(0x0000008d86e00000,0x0000008d86f00000) (1024K)]
  0x000001dd5e210430 ConcurrentGCThread "G1 Refine#0"               [id=5760, stack(0x0000008d84700000,0x0000008d84800000) (1024K)]
  0x000001dd5e210870 ConcurrentGCThread "G1 Service"                [id=20692, stack(0x0000008d84800000,0x0000008d84900000) (1024K)]
Total: 18

Threads with active compile tasks:
C2 CompilerThread0  376511 20654       4       org.gradle.internal.execution.impl.DefaultInputFingerprinter::fingerprintInputProperties (41 bytes)
Total: 1

VM state: at safepoint (normal execution)

VM Mutex/Monitor currently owned by a thread:  ([mutex/lock_event])
[0x00007ff80bdaf5b0] Threads_lock - owner thread: 0x000001dd5e3496f0
[0x00007ff80bdaf6b0] Heap_lock - owner thread: 0x000001dd00fa6ed0

Heap address: 0x0000000080000000, size: 2048 MB, Compressed Oops mode: 32-bit

CDS archive(s) mapped at: [0x000001dd5f000000-0x000001dd5fba0000-0x000001dd5fba0000), size 12189696, SharedBaseAddress: 0x000001dd5f000000, ArchiveRelocationMode: 1.
Compressed class space mapped at: 0x000001dd60000000-0x000001dd7a000000, reserved size: 436207616
Narrow klass base: 0x000001dd5f000000, Narrow klass shift: 0, Narrow klass range: 0x100000000

GC Precious Log:
 CardTable entry size: 512
 Card Set container configuration: InlinePtr #cards 5 size 8 Array Of Cards #cards 12 size 40 Howl #buckets 4 coarsen threshold 1843 Howl Bitmap #cards 512 size 80 coarsen threshold 460 Card regions per heap region 1 cards per card region 2048
 CPUs: 12 total, 12 available
 Memory: 7824M
 Large Page Support: Disabled
 NUMA Support: Disabled
 Compressed Oops: Enabled (32-bit)
 Heap Region Size: 1M
 Heap Min Capacity: 8M
 Heap Initial Capacity: 124M
 Heap Max Capacity: 2G
 Pre-touch: Disabled
 Parallel Workers: 10
 Concurrent Workers: 3
 Concurrent Refinement Workers: 10
 Periodic GC: Disabled

Heap:
 garbage-first heap   total 347136K, used 209616K [0x0000000080000000, 0x0000000100000000)
  region size 1024K, 2 young (2048K), 2 survivors (2048K)
 Metaspace       used 130873K, committed 134016K, reserved 557056K
  class space    used 18587K, committed 20096K, reserved 425984K

Heap Regions: E=young(eden), S=young(survivor), O=old, HS=humongous(starts), HC=humongous(continues), CS=collection set, F=free, TAMS=top-at-mark-start, PB=parsable bottom
|   0|0x0000000080000000, 0x0000000080100000, 0x0000000080100000|100%|HS|  |TAMS 0x0000000080000000| PB 0x0000000080000000| Complete 
|   1|0x0000000080100000, 0x0000000080200000, 0x0000000080200000|100%|HC|  |TAMS 0x0000000080100000| PB 0x0000000080100000| Complete 
|   2|0x0000000080200000, 0x0000000080300000, 0x0000000080300000|100%|HC|  |TAMS 0x0000000080200000| PB 0x0000000080200000| Complete 
|   3|0x0000000080300000, 0x0000000080400000, 0x0000000080400000|100%| O|  |TAMS 0x0000000080300000| PB 0x0000000080300000| Untracked 
|   4|0x0000000080400000, 0x0000000080500000, 0x0000000080500000|100%| O|  |TAMS 0x0000000080400000| PB 0x0000000080400000| Untracked 
|   5|0x0000000080500000, 0x0000000080600000, 0x0000000080600000|100%| O|  |TAMS 0x0000000080500000| PB 0x0000000080500000| Untracked 
|   6|0x0000000080600000, 0x0000000080700000, 0x0000000080700000|100%|HS|  |TAMS 0x0000000080600000| PB 0x0000000080600000| Complete 
|   7|0x0000000080700000, 0x0000000080800000, 0x0000000080800000|100%| O|  |TAMS 0x0000000080700000| PB 0x0000000080700000| Untracked 
|   8|0x0000000080800000, 0x0000000080900000, 0x0000000080900000|100%| O|  |TAMS 0x0000000080800000| PB 0x0000000080800000| Untracked 
|   9|0x0000000080900000, 0x0000000080a00000, 0x0000000080a00000|100%| O|  |TAMS 0x0000000080900000| PB 0x0000000080900000| Untracked 
|  10|0x0000000080a00000, 0x0000000080b00000, 0x0000000080b00000|100%| O|  |TAMS 0x0000000080a00000| PB 0x0000000080a00000| Untracked 
|  11|0x0000000080b00000, 0x0000000080c00000, 0x0000000080c00000|100%| O|  |TAMS 0x0000000080b00000| PB 0x0000000080b00000| Untracked 
|  12|0x0000000080c00000, 0x0000000080d00000, 0x0000000080d00000|100%| O|  |TAMS 0x0000000080c00000| PB 0x0000000080c00000| Untracked 
|  13|0x0000000080d00000, 0x0000000080e00000, 0x0000000080e00000|100%| O|  |TAMS 0x0000000080d00000| PB 0x0000000080d00000| Untracked 
|  14|0x0000000080e00000, 0x0000000080f00000, 0x0000000080f00000|100%| O|  |TAMS 0x0000000080e00000| PB 0x0000000080e00000| Untracked 
|  15|0x0000000080f00000, 0x0000000081000000, 0x0000000081000000|100%| O|  |TAMS 0x0000000080f00000| PB 0x0000000080f00000| Untracked 
|  16|0x0000000081000000, 0x0000000081100000, 0x0000000081100000|100%| O|  |TAMS 0x0000000081000000| PB 0x0000000081000000| Untracked 
|  17|0x0000000081100000, 0x0000000081200000, 0x0000000081200000|100%| O|  |TAMS 0x0000000081100000| PB 0x0000000081100000| Untracked 
|  18|0x0000000081200000, 0x0000000081300000, 0x0000000081300000|100%| O|  |TAMS 0x0000000081200000| PB 0x0000000081200000| Untracked 
|  19|0x0000000081300000, 0x0000000081400000, 0x0000000081400000|100%| O|  |TAMS 0x0000000081300000| PB 0x0000000081300000| Untracked 
|  20|0x0000000081400000, 0x0000000081500000, 0x0000000081500000|100%| O|  |TAMS 0x0000000081400000| PB 0x0000000081400000| Untracked 
|  21|0x0000000081500000, 0x0000000081600000, 0x0000000081600000|100%| O|  |TAMS 0x0000000081500000| PB 0x0000000081500000| Untracked 
|  22|0x0000000081600000, 0x0000000081700000, 0x0000000081700000|100%| O|  |TAMS 0x0000000081600000| PB 0x0000000081600000| Untracked 
|  23|0x0000000081700000, 0x0000000081800000, 0x0000000081800000|100%| O|  |TAMS 0x0000000081700000| PB 0x0000000081700000| Untracked 
|  24|0x0000000081800000, 0x0000000081900000, 0x0000000081900000|100%| O|  |TAMS 0x0000000081800000| PB 0x0000000081800000| Untracked 
|  25|0x0000000081900000, 0x0000000081a00000, 0x0000000081a00000|100%| O|  |TAMS 0x0000000081900000| PB 0x0000000081900000| Untracked 
|  26|0x0000000081a00000, 0x0000000081b00000, 0x0000000081b00000|100%| O|  |TAMS 0x0000000081a00000| PB 0x0000000081a00000| Untracked 
|  27|0x0000000081b00000, 0x0000000081c00000, 0x0000000081c00000|100%| O|  |TAMS 0x0000000081b00000| PB 0x0000000081b00000| Untracked 
|  28|0x0000000081c00000, 0x0000000081d00000, 0x0000000081d00000|100%| O|  |TAMS 0x0000000081c00000| PB 0x0000000081c00000| Untracked 
|  29|0x0000000081d00000, 0x0000000081e00000, 0x0000000081e00000|100%| O|  |TAMS 0x0000000081d00000| PB 0x0000000081d00000| Untracked 
|  30|0x0000000081e00000, 0x0000000081f00000, 0x0000000081f00000|100%| O|  |TAMS 0x0000000081e00000| PB 0x0000000081e00000| Untracked 
|  31|0x0000000081f00000, 0x0000000082000000, 0x0000000082000000|100%| O|  |TAMS 0x0000000081f00000| PB 0x0000000081f00000| Untracked 
|  32|0x0000000082000000, 0x0000000082100000, 0x0000000082100000|100%| O|  |TAMS 0x0000000082000000| PB 0x0000000082000000| Untracked 
|  33|0x0000000082100000, 0x0000000082200000, 0x0000000082200000|100%| O|  |TAMS 0x0000000082100000| PB 0x0000000082100000| Untracked 
|  34|0x0000000082200000, 0x0000000082300000, 0x0000000082300000|100%| O|  |TAMS 0x0000000082200000| PB 0x0000000082200000| Untracked 
|  35|0x0000000082300000, 0x0000000082400000, 0x0000000082400000|100%| O|  |TAMS 0x0000000082300000| PB 0x0000000082300000| Untracked 
|  36|0x0000000082400000, 0x0000000082500000, 0x0000000082500000|100%| O|  |TAMS 0x0000000082400000| PB 0x0000000082400000| Untracked 
|  37|0x0000000082500000, 0x0000000082600000, 0x0000000082600000|100%| O|  |TAMS 0x0000000082500000| PB 0x0000000082500000| Untracked 
|  38|0x0000000082600000, 0x0000000082700000, 0x0000000082700000|100%| O|  |TAMS 0x0000000082600000| PB 0x0000000082600000| Untracked 
|  39|0x0000000082700000, 0x0000000082800000, 0x0000000082800000|100%| O|  |TAMS 0x0000000082700000| PB 0x0000000082700000| Untracked 
|  40|0x0000000082800000, 0x0000000082900000, 0x0000000082900000|100%| O|  |TAMS 0x0000000082800000| PB 0x0000000082800000| Untracked 
|  41|0x0000000082900000, 0x0000000082a00000, 0x0000000082a00000|100%| O|  |TAMS 0x0000000082900000| PB 0x0000000082900000| Untracked 
|  42|0x0000000082a00000, 0x0000000082b00000, 0x0000000082b00000|100%| O|  |TAMS 0x0000000082a00000| PB 0x0000000082a00000| Untracked 
|  43|0x0000000082b00000, 0x0000000082c00000, 0x0000000082c00000|100%| O|  |TAMS 0x0000000082b00000| PB 0x0000000082b00000| Untracked 
|  44|0x0000000082c00000, 0x0000000082d00000, 0x0000000082d00000|100%| O|  |TAMS 0x0000000082c00000| PB 0x0000000082c00000| Untracked 
|  45|0x0000000082d00000, 0x0000000082e00000, 0x0000000082e00000|100%| O|  |TAMS 0x0000000082d00000| PB 0x0000000082d00000| Untracked 
|  46|0x0000000082e00000, 0x0000000082f00000, 0x0000000082f00000|100%| O|  |TAMS 0x0000000082e00000| PB 0x0000000082e00000| Untracked 
|  47|0x0000000082f00000, 0x0000000083000000, 0x0000000083000000|100%| O|  |TAMS 0x0000000082f00000| PB 0x0000000082f00000| Untracked 
|  48|0x0000000083000000, 0x0000000083100000, 0x0000000083100000|100%| O|  |TAMS 0x0000000083000000| PB 0x0000000083000000| Untracked 
|  49|0x0000000083100000, 0x0000000083200000, 0x0000000083200000|100%| O|  |TAMS 0x0000000083100000| PB 0x0000000083100000| Untracked 
|  50|0x0000000083200000, 0x0000000083300000, 0x0000000083300000|100%| O|  |TAMS 0x0000000083200000| PB 0x0000000083200000| Untracked 
|  51|0x0000000083300000, 0x0000000083400000, 0x0000000083400000|100%| O|  |TAMS 0x0000000083300000| PB 0x0000000083300000| Untracked 
|  52|0x0000000083400000, 0x0000000083500000, 0x0000000083500000|100%| O|  |TAMS 0x0000000083400000| PB 0x0000000083400000| Untracked 
|  53|0x0000000083500000, 0x0000000083600000, 0x0000000083600000|100%| O|  |TAMS 0x0000000083500000| PB 0x0000000083500000| Untracked 
|  54|0x0000000083600000, 0x0000000083700000, 0x0000000083700000|100%| O|  |TAMS 0x0000000083600000| PB 0x0000000083600000| Untracked 
|  55|0x0000000083700000, 0x0000000083800000, 0x0000000083800000|100%| O|  |TAMS 0x0000000083700000| PB 0x0000000083700000| Untracked 
|  56|0x0000000083800000, 0x0000000083900000, 0x0000000083900000|100%|HS|  |TAMS 0x0000000083800000| PB 0x0000000083800000| Complete 
|  57|0x0000000083900000, 0x0000000083a00000, 0x0000000083a00000|100%|HC|  |TAMS 0x0000000083900000| PB 0x0000000083900000| Complete 
|  58|0x0000000083a00000, 0x0000000083b00000, 0x0000000083b00000|100%|HC|  |TAMS 0x0000000083a00000| PB 0x0000000083a00000| Complete 
|  59|0x0000000083b00000, 0x0000000083c00000, 0x0000000083c00000|100%|HS|  |TAMS 0x0000000083b00000| PB 0x0000000083b00000| Complete 
|  60|0x0000000083c00000, 0x0000000083d00000, 0x0000000083d00000|100%|HC|  |TAMS 0x0000000083c00000| PB 0x0000000083c00000| Complete 
|  61|0x0000000083d00000, 0x0000000083e00000, 0x0000000083e00000|100%|HC|  |TAMS 0x0000000083d00000| PB 0x0000000083d00000| Complete 
|  62|0x0000000083e00000, 0x0000000083f00000, 0x0000000083f00000|100%| O|  |TAMS 0x0000000083e00000| PB 0x0000000083e00000| Untracked 
|  63|0x0000000083f00000, 0x0000000084000000, 0x0000000084000000|100%| O|  |TAMS 0x0000000083f00000| PB 0x0000000083f00000| Untracked 
|  64|0x0000000084000000, 0x0000000084100000, 0x0000000084100000|100%| O|  |TAMS 0x0000000084000000| PB 0x0000000084000000| Untracked 
|  65|0x0000000084100000, 0x0000000084200000, 0x0000000084200000|100%| O|  |TAMS 0x0000000084100000| PB 0x0000000084100000| Untracked 
|  66|0x0000000084200000, 0x0000000084300000, 0x0000000084300000|100%| O|  |TAMS 0x0000000084200000| PB 0x0000000084200000| Untracked 
|  67|0x0000000084300000, 0x0000000084400000, 0x0000000084400000|100%| O|  |TAMS 0x0000000084300000| PB 0x0000000084300000| Untracked 
|  68|0x0000000084400000, 0x0000000084500000, 0x0000000084500000|100%| O|  |TAMS 0x0000000084400000| PB 0x0000000084400000| Untracked 
|  69|0x0000000084500000, 0x0000000084600000, 0x0000000084600000|100%| O|  |TAMS 0x0000000084500000| PB 0x0000000084500000| Untracked 
|  70|0x0000000084600000, 0x0000000084700000, 0x0000000084700000|100%| O|  |TAMS 0x0000000084600000| PB 0x0000000084600000| Untracked 
|  71|0x0000000084700000, 0x0000000084800000, 0x0000000084800000|100%| O|  |TAMS 0x0000000084700000| PB 0x0000000084700000| Untracked 
|  72|0x0000000084800000, 0x0000000084900000, 0x0000000084900000|100%| O|  |TAMS 0x0000000084800000| PB 0x0000000084800000| Untracked 
|  73|0x0000000084900000, 0x0000000084a00000, 0x0000000084a00000|100%| O|  |TAMS 0x0000000084900000| PB 0x0000000084900000| Untracked 
|  74|0x0000000084a00000, 0x0000000084b00000, 0x0000000084b00000|100%| O|  |TAMS 0x0000000084a00000| PB 0x0000000084a00000| Untracked 
|  75|0x0000000084b00000, 0x0000000084c00000, 0x0000000084c00000|100%| O|  |TAMS 0x0000000084b00000| PB 0x0000000084b00000| Untracked 
|  76|0x0000000084c00000, 0x0000000084d00000, 0x0000000084d00000|100%| O|  |TAMS 0x0000000084c00000| PB 0x0000000084c00000| Untracked 
|  77|0x0000000084d00000, 0x0000000084d00000, 0x0000000084e00000|  0%| F|  |TAMS 0x0000000084d00000| PB 0x0000000084d00000| Untracked 
|  78|0x0000000084e00000, 0x0000000084f00000, 0x0000000084f00000|100%| O|  |TAMS 0x0000000084e00000| PB 0x0000000084e00000| Untracked 
|  79|0x0000000084f00000, 0x0000000085000000, 0x0000000085000000|100%| O|  |TAMS 0x0000000084f00000| PB 0x0000000084f00000| Untracked 
|  80|0x0000000085000000, 0x0000000085100000, 0x0000000085100000|100%| O|  |TAMS 0x0000000085000000| PB 0x0000000085000000| Untracked 
|  81|0x0000000085100000, 0x0000000085200000, 0x0000000085200000|100%| O|  |TAMS 0x0000000085100000| PB 0x0000000085100000| Untracked 
|  82|0x0000000085200000, 0x0000000085300000, 0x0000000085300000|100%| O|  |TAMS 0x0000000085200000| PB 0x0000000085200000| Untracked 
|  83|0x0000000085300000, 0x0000000085400000, 0x0000000085400000|100%| O|  |TAMS 0x0000000085300000| PB 0x0000000085300000| Untracked 
|  84|0x0000000085400000, 0x0000000085500000, 0x0000000085500000|100%| O|  |TAMS 0x0000000085400000| PB 0x0000000085400000| Untracked 
|  85|0x0000000085500000, 0x0000000085600000, 0x0000000085600000|100%| O|  |TAMS 0x0000000085500000| PB 0x0000000085500000| Untracked 
|  86|0x0000000085600000, 0x0000000085700000, 0x0000000085700000|100%| O|  |TAMS 0x0000000085600000| PB 0x0000000085600000| Untracked 
|  87|0x0000000085700000, 0x0000000085800000, 0x0000000085800000|100%| O|  |TAMS 0x0000000085700000| PB 0x0000000085700000| Untracked 
|  88|0x0000000085800000, 0x0000000085900000, 0x0000000085900000|100%| O|  |TAMS 0x0000000085800000| PB 0x0000000085800000| Untracked 
|  89|0x0000000085900000, 0x0000000085a00000, 0x0000000085a00000|100%| O|  |TAMS 0x0000000085900000| PB 0x0000000085900000| Untracked 
|  90|0x0000000085a00000, 0x0000000085b00000, 0x0000000085b00000|100%| O|  |TAMS 0x0000000085a00000| PB 0x0000000085a00000| Untracked 
|  91|0x0000000085b00000, 0x0000000085c00000, 0x0000000085c00000|100%| O|  |TAMS 0x0000000085b00000| PB 0x0000000085b00000| Untracked 
|  92|0x0000000085c00000, 0x0000000085d00000, 0x0000000085d00000|100%| O|  |TAMS 0x0000000085c00000| PB 0x0000000085c00000| Untracked 
|  93|0x0000000085d00000, 0x0000000085e00000, 0x0000000085e00000|100%| O|  |TAMS 0x0000000085d00000| PB 0x0000000085d00000| Untracked 
|  94|0x0000000085e00000, 0x0000000085f00000, 0x0000000085f00000|100%| O|  |TAMS 0x0000000085e00000| PB 0x0000000085e00000| Untracked 
|  95|0x0000000085f00000, 0x0000000086000000, 0x0000000086000000|100%| O|  |TAMS 0x0000000085f00000| PB 0x0000000085f00000| Untracked 
|  96|0x0000000086000000, 0x0000000086100000, 0x0000000086100000|100%| O|  |TAMS 0x0000000086000000| PB 0x0000000086000000| Untracked 
|  97|0x0000000086100000, 0x0000000086200000, 0x0000000086200000|100%| O|  |TAMS 0x0000000086100000| PB 0x0000000086100000| Untracked 
|  98|0x0000000086200000, 0x0000000086300000, 0x0000000086300000|100%| O|  |TAMS 0x0000000086200000| PB 0x0000000086200000| Untracked 
|  99|0x0000000086300000, 0x0000000086400000, 0x0000000086400000|100%|HS|  |TAMS 0x0000000086300000| PB 0x0000000086300000| Complete 
| 100|0x0000000086400000, 0x0000000086500000, 0x0000000086500000|100%|HS|  |TAMS 0x0000000086400000| PB 0x0000000086400000| Complete 
| 101|0x0000000086500000, 0x0000000086600000, 0x0000000086600000|100%|HS|  |TAMS 0x0000000086500000| PB 0x0000000086500000| Complete 
| 102|0x0000000086600000, 0x0000000086700000, 0x0000000086700000|100%|HS|  |TAMS 0x0000000086600000| PB 0x0000000086600000| Complete 
| 103|0x0000000086700000, 0x0000000086800000, 0x0000000086800000|100%|HS|  |TAMS 0x0000000086700000| PB 0x0000000086700000| Complete 
| 104|0x0000000086800000, 0x0000000086900000, 0x0000000086900000|100%| O|  |TAMS 0x0000000086800000| PB 0x0000000086800000| Untracked 
| 105|0x0000000086900000, 0x0000000086a00000, 0x0000000086a00000|100%| O|  |TAMS 0x0000000086900000| PB 0x0000000086900000| Untracked 
| 106|0x0000000086a00000, 0x0000000086b00000, 0x0000000086b00000|100%| O|  |TAMS 0x0000000086a00000| PB 0x0000000086a00000| Untracked 
| 107|0x0000000086b00000, 0x0000000086c00000, 0x0000000086c00000|100%| O|  |TAMS 0x0000000086b00000| PB 0x0000000086b00000| Untracked 
| 108|0x0000000086c00000, 0x0000000086d00000, 0x0000000086d00000|100%| O|  |TAMS 0x0000000086c00000| PB 0x0000000086c00000| Untracked 
| 109|0x0000000086d00000, 0x0000000086e00000, 0x0000000086e00000|100%|HS|  |TAMS 0x0000000086d00000| PB 0x0000000086d00000| Complete 
| 110|0x0000000086e00000, 0x0000000086f00000, 0x0000000086f00000|100%| O|  |TAMS 0x0000000086e00000| PB 0x0000000086e00000| Untracked 
| 111|0x0000000086f00000, 0x0000000087000000, 0x0000000087000000|100%| O|  |TAMS 0x0000000086f00000| PB 0x0000000086f00000| Untracked 
| 112|0x0000000087000000, 0x0000000087100000, 0x0000000087100000|100%| O|  |TAMS 0x0000000087000000| PB 0x0000000087000000| Untracked 
| 113|0x0000000087100000, 0x0000000087200000, 0x0000000087200000|100%| O|  |TAMS 0x0000000087100000| PB 0x0000000087100000| Untracked 
| 114|0x0000000087200000, 0x0000000087300000, 0x0000000087300000|100%| O|  |TAMS 0x0000000087200000| PB 0x0000000087200000| Untracked 
| 115|0x0000000087300000, 0x0000000087400000, 0x0000000087400000|100%| O|  |TAMS 0x0000000087300000| PB 0x0000000087300000| Untracked 
| 116|0x0000000087400000, 0x0000000087500000, 0x0000000087500000|100%| O|  |TAMS 0x0000000087400000| PB 0x0000000087400000| Untracked 
| 117|0x0000000087500000, 0x0000000087600000, 0x0000000087600000|100%| O|  |TAMS 0x0000000087500000| PB 0x0000000087500000| Untracked 
| 118|0x0000000087600000, 0x0000000087700000, 0x0000000087700000|100%| O|  |TAMS 0x0000000087600000| PB 0x0000000087600000| Untracked 
| 119|0x0000000087700000, 0x0000000087800000, 0x0000000087800000|100%| O|  |TAMS 0x0000000087700000| PB 0x0000000087700000| Untracked 
| 120|0x0000000087800000, 0x0000000087900000, 0x0000000087900000|100%|HS|  |TAMS 0x0000000087800000| PB 0x0000000087800000| Complete 
| 121|0x0000000087900000, 0x0000000087a00000, 0x0000000087a00000|100%| O|  |TAMS 0x0000000087900000| PB 0x0000000087900000| Untracked 
| 122|0x0000000087a00000, 0x0000000087b00000, 0x0000000087b00000|100%| O|  |TAMS 0x0000000087a00000| PB 0x0000000087a00000| Untracked 
| 123|0x0000000087b00000, 0x0000000087c00000, 0x0000000087c00000|100%| O|  |TAMS 0x0000000087b00000| PB 0x0000000087b00000| Untracked 
| 124|0x0000000087c00000, 0x0000000087d00000, 0x0000000087d00000|100%|HS|  |TAMS 0x0000000087c00000| PB 0x0000000087c00000| Complete 
| 125|0x0000000087d00000, 0x0000000087e00000, 0x0000000087e00000|100%|HC|  |TAMS 0x0000000087d00000| PB 0x0000000087d00000| Complete 
| 126|0x0000000087e00000, 0x0000000087f00000, 0x0000000087f00000|100%|HC|  |TAMS 0x0000000087e00000| PB 0x0000000087e00000| Complete 
| 127|0x0000000087f00000, 0x0000000088000000, 0x0000000088000000|100%| O|  |TAMS 0x0000000087f00000| PB 0x0000000087f00000| Untracked 
| 128|0x0000000088000000, 0x0000000088100000, 0x0000000088100000|100%| O|  |TAMS 0x0000000088000000| PB 0x0000000088000000| Untracked 
| 129|0x0000000088100000, 0x0000000088200000, 0x0000000088200000|100%| O|  |TAMS 0x0000000088100000| PB 0x0000000088100000| Untracked 
| 130|0x0000000088200000, 0x0000000088300000, 0x0000000088300000|100%| O|  |TAMS 0x0000000088200000| PB 0x0000000088200000| Untracked 
| 131|0x0000000088300000, 0x0000000088400000, 0x0000000088400000|100%| O|  |TAMS 0x0000000088300000| PB 0x0000000088300000| Untracked 
| 132|0x0000000088400000, 0x0000000088500000, 0x0000000088500000|100%| O|  |TAMS 0x0000000088400000| PB 0x0000000088400000| Untracked 
| 133|0x0000000088500000, 0x0000000088600000, 0x0000000088600000|100%| O|  |TAMS 0x0000000088500000| PB 0x0000000088500000| Untracked 
| 134|0x0000000088600000, 0x0000000088700000, 0x0000000088700000|100%| O|  |TAMS 0x0000000088600000| PB 0x0000000088600000| Untracked 
| 135|0x0000000088700000, 0x0000000088800000, 0x0000000088800000|100%| O|  |TAMS 0x0000000088700000| PB 0x0000000088700000| Untracked 
| 136|0x0000000088800000, 0x0000000088900000, 0x0000000088900000|100%| O|  |TAMS 0x0000000088800000| PB 0x0000000088800000| Untracked 
| 137|0x0000000088900000, 0x0000000088a00000, 0x0000000088a00000|100%| O|  |TAMS 0x0000000088900000| PB 0x0000000088900000| Untracked 
| 138|0x0000000088a00000, 0x0000000088b00000, 0x0000000088b00000|100%| O|  |TAMS 0x0000000088a00000| PB 0x0000000088a00000| Untracked 
| 139|0x0000000088b00000, 0x0000000088c00000, 0x0000000088c00000|100%| O|  |TAMS 0x0000000088b00000| PB 0x0000000088b00000| Untracked 
| 140|0x0000000088c00000, 0x0000000088d00000, 0x0000000088d00000|100%| O|  |TAMS 0x0000000088c00000| PB 0x0000000088c00000| Untracked 
| 141|0x0000000088d00000, 0x0000000088e00000, 0x0000000088e00000|100%| O|  |TAMS 0x0000000088d00000| PB 0x0000000088d00000| Untracked 
| 142|0x0000000088e00000, 0x0000000088f00000, 0x0000000088f00000|100%| O|  |TAMS 0x0000000088e00000| PB 0x0000000088e00000| Untracked 
| 143|0x0000000088f00000, 0x0000000089000000, 0x0000000089000000|100%| O|  |TAMS 0x0000000088f00000| PB 0x0000000088f00000| Untracked 
| 144|0x0000000089000000, 0x0000000089100000, 0x0000000089100000|100%| O|  |TAMS 0x0000000089000000| PB 0x0000000089000000| Untracked 
| 145|0x0000000089100000, 0x0000000089200000, 0x0000000089200000|100%| O|  |TAMS 0x0000000089100000| PB 0x0000000089100000| Untracked 
| 146|0x0000000089200000, 0x0000000089300000, 0x0000000089300000|100%| O|  |TAMS 0x0000000089200000| PB 0x0000000089200000| Untracked 
| 147|0x0000000089300000, 0x0000000089400000, 0x0000000089400000|100%| O|  |TAMS 0x0000000089300000| PB 0x0000000089300000| Untracked 
| 148|0x0000000089400000, 0x0000000089500000, 0x0000000089500000|100%|HS|  |TAMS 0x0000000089400000| PB 0x0000000089400000| Complete 
| 149|0x0000000089500000, 0x0000000089600000, 0x0000000089600000|100%|HS|  |TAMS 0x0000000089500000| PB 0x0000000089500000| Complete 
| 150|0x0000000089600000, 0x0000000089700000, 0x0000000089700000|100%|HS|  |TAMS 0x0000000089600000| PB 0x0000000089600000| Complete 
| 151|0x0000000089700000, 0x0000000089800000, 0x0000000089800000|100%| O|  |TAMS 0x0000000089700000| PB 0x0000000089700000| Untracked 
| 152|0x0000000089800000, 0x0000000089900000, 0x0000000089900000|100%| O|  |TAMS 0x0000000089800000| PB 0x0000000089800000| Untracked 
| 153|0x0000000089900000, 0x0000000089a00000, 0x0000000089a00000|100%| O|  |TAMS 0x0000000089900000| PB 0x0000000089900000| Untracked 
| 154|0x0000000089a00000, 0x0000000089b00000, 0x0000000089b00000|100%| O|  |TAMS 0x0000000089a00000| PB 0x0000000089a00000| Untracked 
| 155|0x0000000089b00000, 0x0000000089c00000, 0x0000000089c00000|100%| O|  |TAMS 0x0000000089b00000| PB 0x0000000089b00000| Untracked 
| 156|0x0000000089c00000, 0x0000000089d00000, 0x0000000089d00000|100%| O|  |TAMS 0x0000000089c00000| PB 0x0000000089c00000| Untracked 
| 157|0x0000000089d00000, 0x0000000089e00000, 0x0000000089e00000|100%| O|  |TAMS 0x0000000089d00000| PB 0x0000000089d00000| Untracked 
| 158|0x0000000089e00000, 0x0000000089f00000, 0x0000000089f00000|100%| O|  |TAMS 0x0000000089e00000| PB 0x0000000089e00000| Untracked 
| 159|0x0000000089f00000, 0x000000008a000000, 0x000000008a000000|100%| O|  |TAMS 0x0000000089f00000| PB 0x0000000089f00000| Untracked 
| 160|0x000000008a000000, 0x000000008a100000, 0x000000008a100000|100%| O|  |TAMS 0x000000008a000000| PB 0x000000008a000000| Untracked 
| 161|0x000000008a100000, 0x000000008a200000, 0x000000008a200000|100%| O|  |TAMS 0x000000008a100000| PB 0x000000008a100000| Untracked 
| 162|0x000000008a200000, 0x000000008a266780, 0x000000008a300000| 40%| O|  |TAMS 0x000000008a200000| PB 0x000000008a200000| Untracked 
| 163|0x000000008a300000, 0x000000008a400000, 0x000000008a400000|100%| O|  |TAMS 0x000000008a300000| PB 0x000000008a300000| Untracked 
| 164|0x000000008a400000, 0x000000008a500000, 0x000000008a500000|100%|HS|  |TAMS 0x000000008a400000| PB 0x000000008a400000| Complete 
| 165|0x000000008a500000, 0x000000008a600000, 0x000000008a600000|100%| O|  |TAMS 0x000000008a500000| PB 0x000000008a500000| Untracked 
| 166|0x000000008a600000, 0x000000008a700000, 0x000000008a700000|100%| O|  |TAMS 0x000000008a600000| PB 0x000000008a600000| Untracked 
| 167|0x000000008a700000, 0x000000008a800000, 0x000000008a800000|100%| O|  |TAMS 0x000000008a700000| PB 0x000000008a700000| Untracked 
| 168|0x000000008a800000, 0x000000008a900000, 0x000000008a900000|100%| O|  |TAMS 0x000000008a800000| PB 0x000000008a800000| Untracked 
| 169|0x000000008a900000, 0x000000008aa00000, 0x000000008aa00000|100%| O|  |TAMS 0x000000008a900000| PB 0x000000008a900000| Untracked 
| 170|0x000000008aa00000, 0x000000008ab00000, 0x000000008ab00000|100%| O|  |TAMS 0x000000008aa00000| PB 0x000000008aa00000| Untracked 
| 171|0x000000008ab00000, 0x000000008ac00000, 0x000000008ac00000|100%| O|  |TAMS 0x000000008ab00000| PB 0x000000008ab00000| Untracked 
| 172|0x000000008ac00000, 0x000000008ad00000, 0x000000008ad00000|100%|HS|  |TAMS 0x000000008ac00000| PB 0x000000008ac00000| Complete 
| 173|0x000000008ad00000, 0x000000008ae00000, 0x000000008ae00000|100%|HS|  |TAMS 0x000000008ad00000| PB 0x000000008ad00000| Complete 
| 174|0x000000008ae00000, 0x000000008af00000, 0x000000008af00000|100%| O|  |TAMS 0x000000008ae00000| PB 0x000000008ae00000| Untracked 
| 175|0x000000008af00000, 0x000000008b000000, 0x000000008b000000|100%| O|  |TAMS 0x000000008af00000| PB 0x000000008af00000| Untracked 
| 176|0x000000008b000000, 0x000000008b100000, 0x000000008b100000|100%| O|  |TAMS 0x000000008b000000| PB 0x000000008b000000| Untracked 
| 177|0x000000008b100000, 0x000000008b200000, 0x000000008b200000|100%| O|  |TAMS 0x000000008b100000| PB 0x000000008b100000| Untracked 
| 178|0x000000008b200000, 0x000000008b300000, 0x000000008b300000|100%| O|  |TAMS 0x000000008b200000| PB 0x000000008b200000| Untracked 
| 179|0x000000008b300000, 0x000000008b400000, 0x000000008b400000|100%| O|  |TAMS 0x000000008b300000| PB 0x000000008b300000| Untracked 
| 180|0x000000008b400000, 0x000000008b500000, 0x000000008b500000|100%| O|  |TAMS 0x000000008b400000| PB 0x000000008b400000| Untracked 
| 181|0x000000008b500000, 0x000000008b600000, 0x000000008b600000|100%| O|  |TAMS 0x000000008b500000| PB 0x000000008b500000| Untracked 
| 182|0x000000008b600000, 0x000000008b700000, 0x000000008b700000|100%| O|  |TAMS 0x000000008b600000| PB 0x000000008b600000| Untracked 
| 183|0x000000008b700000, 0x000000008b800000, 0x000000008b800000|100%| O|  |TAMS 0x000000008b700000| PB 0x000000008b700000| Untracked 
| 184|0x000000008b800000, 0x000000008b900000, 0x000000008b900000|100%| O|  |TAMS 0x000000008b800000| PB 0x000000008b800000| Untracked 
| 185|0x000000008b900000, 0x000000008ba00000, 0x000000008ba00000|100%| O|  |TAMS 0x000000008b900000| PB 0x000000008b900000| Untracked 
| 186|0x000000008ba00000, 0x000000008bb00000, 0x000000008bb00000|100%| O|  |TAMS 0x000000008ba00000| PB 0x000000008ba00000| Untracked 
| 187|0x000000008bb00000, 0x000000008bc00000, 0x000000008bc00000|100%| O|  |TAMS 0x000000008bb00000| PB 0x000000008bb00000| Untracked 
| 188|0x000000008bc00000, 0x000000008bd00000, 0x000000008bd00000|100%| O|  |TAMS 0x000000008bc00000| PB 0x000000008bc00000| Untracked 
| 189|0x000000008bd00000, 0x000000008be00000, 0x000000008be00000|100%| O|  |TAMS 0x000000008bd00000| PB 0x000000008bd00000| Untracked 
| 190|0x000000008be00000, 0x000000008bf00000, 0x000000008bf00000|100%| O|  |TAMS 0x000000008be00000| PB 0x000000008be00000| Untracked 
| 191|0x000000008bf00000, 0x000000008c000000, 0x000000008c000000|100%| O|  |TAMS 0x000000008bf00000| PB 0x000000008bf00000| Untracked 
| 192|0x000000008c000000, 0x000000008c100000, 0x000000008c100000|100%| O|  |TAMS 0x000000008c000000| PB 0x000000008c000000| Untracked 
| 193|0x000000008c100000, 0x000000008c200000, 0x000000008c200000|100%| O|  |TAMS 0x000000008c100000| PB 0x000000008c100000| Untracked 
| 194|0x000000008c200000, 0x000000008c300000, 0x000000008c300000|100%| O|  |TAMS 0x000000008c200000| PB 0x000000008c200000| Untracked 
| 195|0x000000008c300000, 0x000000008c400000, 0x000000008c400000|100%| O|  |TAMS 0x000000008c300000| PB 0x000000008c300000| Untracked 
| 196|0x000000008c400000, 0x000000008c500000, 0x000000008c500000|100%| O|  |TAMS 0x000000008c400000| PB 0x000000008c400000| Untracked 
| 197|0x000000008c500000, 0x000000008c600000, 0x000000008c600000|100%| O|  |TAMS 0x000000008c500000| PB 0x000000008c500000| Untracked 
| 198|0x000000008c600000, 0x000000008c700000, 0x000000008c700000|100%| O|  |TAMS 0x000000008c600000| PB 0x000000008c600000| Untracked 
| 199|0x000000008c700000, 0x000000008c800000, 0x000000008c800000|100%| O|  |TAMS 0x000000008c700000| PB 0x000000008c700000| Untracked 
| 200|0x000000008c800000, 0x000000008c800000, 0x000000008c900000|  0%| F|  |TAMS 0x000000008c800000| PB 0x000000008c800000| Untracked 
| 201|0x000000008c900000, 0x000000008c900000, 0x000000008ca00000|  0%| F|  |TAMS 0x000000008c900000| PB 0x000000008c900000| Untracked 
| 202|0x000000008ca00000, 0x000000008ca00000, 0x000000008cb00000|  0%| F|  |TAMS 0x000000008ca00000| PB 0x000000008ca00000| Untracked 
| 203|0x000000008cb00000, 0x000000008cb00000, 0x000000008cc00000|  0%| F|  |TAMS 0x000000008cb00000| PB 0x000000008cb00000| Untracked 
| 204|0x000000008cc00000, 0x000000008cc00000, 0x000000008cd00000|  0%| F|  |TAMS 0x000000008cc00000| PB 0x000000008cc00000| Untracked 
| 205|0x000000008cd00000, 0x000000008cd00000, 0x000000008ce00000|  0%| F|  |TAMS 0x000000008cd00000| PB 0x000000008cd00000| Untracked 
| 206|0x000000008ce00000, 0x000000008ce00000, 0x000000008cf00000|  0%| F|  |TAMS 0x000000008ce00000| PB 0x000000008ce00000| Untracked 
| 207|0x000000008cf00000, 0x000000008cf00000, 0x000000008d000000|  0%| F|  |TAMS 0x000000008cf00000| PB 0x000000008cf00000| Untracked 
| 208|0x000000008d000000, 0x000000008d000000, 0x000000008d100000|  0%| F|  |TAMS 0x000000008d000000| PB 0x000000008d000000| Untracked 
| 209|0x000000008d100000, 0x000000008d100000, 0x000000008d200000|  0%| F|  |TAMS 0x000000008d100000| PB 0x000000008d100000| Untracked 
| 210|0x000000008d200000, 0x000000008d200000, 0x000000008d300000|  0%| F|  |TAMS 0x000000008d200000| PB 0x000000008d200000| Untracked 
| 211|0x000000008d300000, 0x000000008d300000, 0x000000008d400000|  0%| F|  |TAMS 0x000000008d300000| PB 0x000000008d300000| Untracked 
| 212|0x000000008d400000, 0x000000008d400000, 0x000000008d500000|  0%| F|  |TAMS 0x000000008d400000| PB 0x000000008d400000| Untracked 
| 213|0x000000008d500000, 0x000000008d500000, 0x000000008d600000|  0%| F|  |TAMS 0x000000008d500000| PB 0x000000008d500000| Untracked 
| 214|0x000000008d600000, 0x000000008d600000, 0x000000008d700000|  0%| F|  |TAMS 0x000000008d600000| PB 0x000000008d600000| Untracked 
| 215|0x000000008d700000, 0x000000008d700000, 0x000000008d800000|  0%| F|  |TAMS 0x000000008d700000| PB 0x000000008d700000| Untracked 
| 216|0x000000008d800000, 0x000000008d800000, 0x000000008d900000|  0%| F|  |TAMS 0x000000008d800000| PB 0x000000008d800000| Untracked 
| 217|0x000000008d900000, 0x000000008d900000, 0x000000008da00000|  0%| F|  |TAMS 0x000000008d900000| PB 0x000000008d900000| Untracked 
| 218|0x000000008da00000, 0x000000008da00000, 0x000000008db00000|  0%| F|  |TAMS 0x000000008da00000| PB 0x000000008da00000| Untracked 
| 219|0x000000008db00000, 0x000000008db00000, 0x000000008dc00000|  0%| F|  |TAMS 0x000000008db00000| PB 0x000000008db00000| Untracked 
| 220|0x000000008dc00000, 0x000000008dc00000, 0x000000008dd00000|  0%| F|  |TAMS 0x000000008dc00000| PB 0x000000008dc00000| Untracked 
| 221|0x000000008dd00000, 0x000000008dd00000, 0x000000008de00000|  0%| F|  |TAMS 0x000000008dd00000| PB 0x000000008dd00000| Untracked 
| 222|0x000000008de00000, 0x000000008de00000, 0x000000008df00000|  0%| F|  |TAMS 0x000000008de00000| PB 0x000000008de00000| Untracked 
| 223|0x000000008df00000, 0x000000008df00000, 0x000000008e000000|  0%| F|  |TAMS 0x000000008df00000| PB 0x000000008df00000| Untracked 
| 224|0x000000008e000000, 0x000000008e000000, 0x000000008e100000|  0%| F|  |TAMS 0x000000008e000000| PB 0x000000008e000000| Untracked 
| 225|0x000000008e100000, 0x000000008e100000, 0x000000008e200000|  0%| F|  |TAMS 0x000000008e100000| PB 0x000000008e100000| Untracked 
| 226|0x000000008e200000, 0x000000008e200000, 0x000000008e300000|  0%| F|  |TAMS 0x000000008e200000| PB 0x000000008e200000| Untracked 
| 227|0x000000008e300000, 0x000000008e300000, 0x000000008e400000|  0%| F|  |TAMS 0x000000008e300000| PB 0x000000008e300000| Untracked 
| 228|0x000000008e400000, 0x000000008e400000, 0x000000008e500000|  0%| F|  |TAMS 0x000000008e400000| PB 0x000000008e400000| Untracked 
| 229|0x000000008e500000, 0x000000008e500000, 0x000000008e600000|  0%| F|  |TAMS 0x000000008e500000| PB 0x000000008e500000| Untracked 
| 230|0x000000008e600000, 0x000000008e600000, 0x000000008e700000|  0%| F|  |TAMS 0x000000008e600000| PB 0x000000008e600000| Untracked 
| 231|0x000000008e700000, 0x000000008e700000, 0x000000008e800000|  0%| F|  |TAMS 0x000000008e700000| PB 0x000000008e700000| Untracked 
| 232|0x000000008e800000, 0x000000008e800000, 0x000000008e900000|  0%| F|  |TAMS 0x000000008e800000| PB 0x000000008e800000| Untracked 
| 233|0x000000008e900000, 0x000000008e900000, 0x000000008ea00000|  0%| F|  |TAMS 0x000000008e900000| PB 0x000000008e900000| Untracked 
| 234|0x000000008ea00000, 0x000000008ea00000, 0x000000008eb00000|  0%| F|  |TAMS 0x000000008ea00000| PB 0x000000008ea00000| Untracked 
| 235|0x000000008eb00000, 0x000000008eb00000, 0x000000008ec00000|  0%| F|  |TAMS 0x000000008eb00000| PB 0x000000008eb00000| Untracked 
| 236|0x000000008ec00000, 0x000000008ec00000, 0x000000008ed00000|  0%| F|  |TAMS 0x000000008ec00000| PB 0x000000008ec00000| Untracked 
| 237|0x000000008ed00000, 0x000000008ed00000, 0x000000008ee00000|  0%| F|  |TAMS 0x000000008ed00000| PB 0x000000008ed00000| Untracked 
| 238|0x000000008ee00000, 0x000000008ee00000, 0x000000008ef00000|  0%| F|  |TAMS 0x000000008ee00000| PB 0x000000008ee00000| Untracked 
| 239|0x000000008ef00000, 0x000000008ef00000, 0x000000008f000000|  0%| F|  |TAMS 0x000000008ef00000| PB 0x000000008ef00000| Untracked 
| 240|0x000000008f000000, 0x000000008f000000, 0x000000008f100000|  0%| F|  |TAMS 0x000000008f000000| PB 0x000000008f000000| Untracked 
| 241|0x000000008f100000, 0x000000008f100000, 0x000000008f200000|  0%| F|  |TAMS 0x000000008f100000| PB 0x000000008f100000| Untracked 
| 242|0x000000008f200000, 0x000000008f200000, 0x000000008f300000|  0%| F|  |TAMS 0x000000008f200000| PB 0x000000008f200000| Untracked 
| 243|0x000000008f300000, 0x000000008f300000, 0x000000008f400000|  0%| F|  |TAMS 0x000000008f300000| PB 0x000000008f300000| Untracked 
| 244|0x000000008f400000, 0x000000008f400000, 0x000000008f500000|  0%| F|  |TAMS 0x000000008f400000| PB 0x000000008f400000| Untracked 
| 245|0x000000008f500000, 0x000000008f500000, 0x000000008f600000|  0%| F|  |TAMS 0x000000008f500000| PB 0x000000008f500000| Untracked 
| 246|0x000000008f600000, 0x000000008f600000, 0x000000008f700000|  0%| F|  |TAMS 0x000000008f600000| PB 0x000000008f600000| Untracked 
| 247|0x000000008f700000, 0x000000008f700000, 0x000000008f800000|  0%| F|  |TAMS 0x000000008f700000| PB 0x000000008f700000| Untracked 
| 248|0x000000008f800000, 0x000000008f800000, 0x000000008f900000|  0%| F|  |TAMS 0x000000008f800000| PB 0x000000008f800000| Untracked 
| 249|0x000000008f900000, 0x000000008f900000, 0x000000008fa00000|  0%| F|  |TAMS 0x000000008f900000| PB 0x000000008f900000| Untracked 
| 250|0x000000008fa00000, 0x000000008fa00000, 0x000000008fb00000|  0%| F|  |TAMS 0x000000008fa00000| PB 0x000000008fa00000| Untracked 
| 251|0x000000008fb00000, 0x000000008fb00000, 0x000000008fc00000|  0%| F|  |TAMS 0x000000008fb00000| PB 0x000000008fb00000| Untracked 
| 252|0x000000008fc00000, 0x000000008fc00000, 0x000000008fd00000|  0%| F|  |TAMS 0x000000008fc00000| PB 0x000000008fc00000| Untracked 
| 253|0x000000008fd00000, 0x000000008fd00000, 0x000000008fe00000|  0%| F|  |TAMS 0x000000008fd00000| PB 0x000000008fd00000| Untracked 
| 254|0x000000008fe00000, 0x000000008fe00000, 0x000000008ff00000|  0%| F|  |TAMS 0x000000008fe00000| PB 0x000000008fe00000| Untracked 
| 255|0x000000008ff00000, 0x000000008ff00000, 0x0000000090000000|  0%| F|  |TAMS 0x000000008ff00000| PB 0x000000008ff00000| Untracked 
| 256|0x0000000090000000, 0x0000000090000000, 0x0000000090100000|  0%| F|  |TAMS 0x0000000090000000| PB 0x0000000090000000| Untracked 
| 257|0x0000000090100000, 0x0000000090100000, 0x0000000090200000|  0%| F|  |TAMS 0x0000000090100000| PB 0x0000000090100000| Untracked 
| 258|0x0000000090200000, 0x0000000090200000, 0x0000000090300000|  0%| F|  |TAMS 0x0000000090200000| PB 0x0000000090200000| Untracked 
| 259|0x0000000090300000, 0x0000000090300000, 0x0000000090400000|  0%| F|  |TAMS 0x0000000090300000| PB 0x0000000090300000| Untracked 
| 260|0x0000000090400000, 0x0000000090400000, 0x0000000090500000|  0%| F|  |TAMS 0x0000000090400000| PB 0x0000000090400000| Untracked 
| 261|0x0000000090500000, 0x0000000090500000, 0x0000000090600000|  0%| F|  |TAMS 0x0000000090500000| PB 0x0000000090500000| Untracked 
| 262|0x0000000090600000, 0x0000000090600000, 0x0000000090700000|  0%| F|  |TAMS 0x0000000090600000| PB 0x0000000090600000| Untracked 
| 263|0x0000000090700000, 0x0000000090700000, 0x0000000090800000|  0%| F|  |TAMS 0x0000000090700000| PB 0x0000000090700000| Untracked 
| 264|0x0000000090800000, 0x0000000090800000, 0x0000000090900000|  0%| F|  |TAMS 0x0000000090800000| PB 0x0000000090800000| Untracked 
| 265|0x0000000090900000, 0x0000000090900000, 0x0000000090a00000|  0%| F|  |TAMS 0x0000000090900000| PB 0x0000000090900000| Untracked 
| 266|0x0000000090a00000, 0x0000000090a00000, 0x0000000090b00000|  0%| F|  |TAMS 0x0000000090a00000| PB 0x0000000090a00000| Untracked 
| 267|0x0000000090b00000, 0x0000000090b00000, 0x0000000090c00000|  0%| F|  |TAMS 0x0000000090b00000| PB 0x0000000090b00000| Untracked 
| 268|0x0000000090c00000, 0x0000000090c00000, 0x0000000090d00000|  0%| F|  |TAMS 0x0000000090c00000| PB 0x0000000090c00000| Untracked 
| 269|0x0000000090d00000, 0x0000000090d00000, 0x0000000090e00000|  0%| F|  |TAMS 0x0000000090d00000| PB 0x0000000090d00000| Untracked 
| 270|0x0000000090e00000, 0x0000000090e00000, 0x0000000090f00000|  0%| F|  |TAMS 0x0000000090e00000| PB 0x0000000090e00000| Untracked 
| 271|0x0000000090f00000, 0x0000000090f00000, 0x0000000091000000|  0%| F|  |TAMS 0x0000000090f00000| PB 0x0000000090f00000| Untracked 
| 272|0x0000000091000000, 0x0000000091000000, 0x0000000091100000|  0%| F|  |TAMS 0x0000000091000000| PB 0x0000000091000000| Untracked 
| 273|0x0000000091100000, 0x0000000091100000, 0x0000000091200000|  0%| F|  |TAMS 0x0000000091100000| PB 0x0000000091100000| Untracked 
| 274|0x0000000091200000, 0x0000000091200000, 0x0000000091300000|  0%| F|  |TAMS 0x0000000091200000| PB 0x0000000091200000| Untracked 
| 275|0x0000000091300000, 0x0000000091300000, 0x0000000091400000|  0%| F|  |TAMS 0x0000000091300000| PB 0x0000000091300000| Untracked 
| 276|0x0000000091400000, 0x0000000091400000, 0x0000000091500000|  0%| F|  |TAMS 0x0000000091400000| PB 0x0000000091400000| Untracked 
| 277|0x0000000091500000, 0x0000000091500000, 0x0000000091600000|  0%| F|  |TAMS 0x0000000091500000| PB 0x0000000091500000| Untracked 
| 278|0x0000000091600000, 0x0000000091600000, 0x0000000091700000|  0%| F|  |TAMS 0x0000000091600000| PB 0x0000000091600000| Untracked 
| 279|0x0000000091700000, 0x0000000091700000, 0x0000000091800000|  0%| F|  |TAMS 0x0000000091700000| PB 0x0000000091700000| Untracked 
| 280|0x0000000091800000, 0x0000000091800000, 0x0000000091900000|  0%| F|  |TAMS 0x0000000091800000| PB 0x0000000091800000| Untracked 
| 281|0x0000000091900000, 0x0000000091900000, 0x0000000091a00000|  0%| F|  |TAMS 0x0000000091900000| PB 0x0000000091900000| Untracked 
| 282|0x0000000091a00000, 0x0000000091a00000, 0x0000000091b00000|  0%| F|  |TAMS 0x0000000091a00000| PB 0x0000000091a00000| Untracked 
| 283|0x0000000091b00000, 0x0000000091b00000, 0x0000000091c00000|  0%| F|  |TAMS 0x0000000091b00000| PB 0x0000000091b00000| Untracked 
| 284|0x0000000091c00000, 0x0000000091c00000, 0x0000000091d00000|  0%| F|  |TAMS 0x0000000091c00000| PB 0x0000000091c00000| Untracked 
| 285|0x0000000091d00000, 0x0000000091d00000, 0x0000000091e00000|  0%| F|  |TAMS 0x0000000091d00000| PB 0x0000000091d00000| Untracked 
| 286|0x0000000091e00000, 0x0000000091e00000, 0x0000000091f00000|  0%| F|  |TAMS 0x0000000091e00000| PB 0x0000000091e00000| Untracked 
| 287|0x0000000091f00000, 0x0000000091f00000, 0x0000000092000000|  0%| F|  |TAMS 0x0000000091f00000| PB 0x0000000091f00000| Untracked 
| 288|0x0000000092000000, 0x0000000092000000, 0x0000000092100000|  0%| F|  |TAMS 0x0000000092000000| PB 0x0000000092000000| Untracked 
| 289|0x0000000092100000, 0x0000000092100000, 0x0000000092200000|  0%| F|  |TAMS 0x0000000092100000| PB 0x0000000092100000| Untracked 
| 290|0x0000000092200000, 0x0000000092200000, 0x0000000092300000|  0%| F|  |TAMS 0x0000000092200000| PB 0x0000000092200000| Untracked 
| 291|0x0000000092300000, 0x0000000092300000, 0x0000000092400000|  0%| F|  |TAMS 0x0000000092300000| PB 0x0000000092300000| Untracked 
| 292|0x0000000092400000, 0x0000000092400000, 0x0000000092500000|  0%| F|  |TAMS 0x0000000092400000| PB 0x0000000092400000| Untracked 
| 293|0x0000000092500000, 0x0000000092500000, 0x0000000092600000|  0%| F|  |TAMS 0x0000000092500000| PB 0x0000000092500000| Untracked 
| 294|0x0000000092600000, 0x0000000092600000, 0x0000000092700000|  0%| F|  |TAMS 0x0000000092600000| PB 0x0000000092600000| Untracked 
| 295|0x0000000092700000, 0x0000000092700000, 0x0000000092800000|  0%| F|  |TAMS 0x0000000092700000| PB 0x0000000092700000| Untracked 
| 296|0x0000000092800000, 0x0000000092800000, 0x0000000092900000|  0%| F|  |TAMS 0x0000000092800000| PB 0x0000000092800000| Untracked 
| 297|0x0000000092900000, 0x0000000092900000, 0x0000000092a00000|  0%| F|  |TAMS 0x0000000092900000| PB 0x0000000092900000| Untracked 
| 298|0x0000000092a00000, 0x0000000092a00000, 0x0000000092b00000|  0%| F|  |TAMS 0x0000000092a00000| PB 0x0000000092a00000| Untracked 
| 299|0x0000000092b00000, 0x0000000092b00000, 0x0000000092c00000|  0%| F|  |TAMS 0x0000000092b00000| PB 0x0000000092b00000| Untracked 
| 300|0x0000000092c00000, 0x0000000092c00000, 0x0000000092d00000|  0%| F|  |TAMS 0x0000000092c00000| PB 0x0000000092c00000| Untracked 
| 301|0x0000000092d00000, 0x0000000092d00000, 0x0000000092e00000|  0%| F|  |TAMS 0x0000000092d00000| PB 0x0000000092d00000| Untracked 
| 302|0x0000000092e00000, 0x0000000092e00000, 0x0000000092f00000|  0%| F|  |TAMS 0x0000000092e00000| PB 0x0000000092e00000| Untracked 
| 303|0x0000000092f00000, 0x0000000092f00000, 0x0000000093000000|  0%| F|  |TAMS 0x0000000092f00000| PB 0x0000000092f00000| Untracked 
| 304|0x0000000093000000, 0x0000000093000000, 0x0000000093100000|  0%| F|  |TAMS 0x0000000093000000| PB 0x0000000093000000| Untracked 
| 305|0x0000000093100000, 0x0000000093100000, 0x0000000093200000|  0%| F|  |TAMS 0x0000000093100000| PB 0x0000000093100000| Untracked 
| 306|0x0000000093200000, 0x0000000093200000, 0x0000000093300000|  0%| F|  |TAMS 0x0000000093200000| PB 0x0000000093200000| Untracked 
| 307|0x0000000093300000, 0x0000000093300000, 0x0000000093400000|  0%| F|  |TAMS 0x0000000093300000| PB 0x0000000093300000| Untracked 
| 308|0x0000000093400000, 0x0000000093400000, 0x0000000093500000|  0%| F|  |TAMS 0x0000000093400000| PB 0x0000000093400000| Untracked 
| 309|0x0000000093500000, 0x0000000093500000, 0x0000000093600000|  0%| F|  |TAMS 0x0000000093500000| PB 0x0000000093500000| Untracked 
| 310|0x0000000093600000, 0x0000000093600000, 0x0000000093700000|  0%| F|  |TAMS 0x0000000093600000| PB 0x0000000093600000| Untracked 
| 311|0x0000000093700000, 0x0000000093700000, 0x0000000093800000|  0%| F|  |TAMS 0x0000000093700000| PB 0x0000000093700000| Untracked 
| 312|0x0000000093800000, 0x0000000093800000, 0x0000000093900000|  0%| F|  |TAMS 0x0000000093800000| PB 0x0000000093800000| Untracked 
| 313|0x0000000093900000, 0x0000000093900000, 0x0000000093a00000|  0%| F|  |TAMS 0x0000000093900000| PB 0x0000000093900000| Untracked 
| 314|0x0000000093a00000, 0x0000000093a00000, 0x0000000093b00000|  0%| F|  |TAMS 0x0000000093a00000| PB 0x0000000093a00000| Untracked 
| 315|0x0000000093b00000, 0x0000000093b00000, 0x0000000093c00000|  0%| F|  |TAMS 0x0000000093b00000| PB 0x0000000093b00000| Untracked 
| 316|0x0000000093c00000, 0x0000000093c4db00, 0x0000000093d00000| 30%| S|CS|TAMS 0x0000000093c00000| PB 0x0000000093c00000| Complete 
| 317|0x0000000093d00000, 0x0000000093d00000, 0x0000000093e00000|  0%| F|  |TAMS 0x0000000093d00000| PB 0x0000000093d00000| Untracked 
| 318|0x0000000093e00000, 0x0000000093f00000, 0x0000000093f00000|100%| S|CS|TAMS 0x0000000093e00000| PB 0x0000000093e00000| Complete 
| 319|0x0000000093f00000, 0x0000000093f00000, 0x0000000094000000|  0%| F|  |TAMS 0x0000000093f00000| PB 0x0000000093f00000| Untracked 
| 320|0x0000000094000000, 0x0000000094000000, 0x0000000094100000|  0%| F|  |TAMS 0x0000000094000000| PB 0x0000000094000000| Untracked 
| 321|0x0000000094100000, 0x0000000094100000, 0x0000000094200000|  0%| F|  |TAMS 0x0000000094100000| PB 0x0000000094100000| Untracked 
| 322|0x0000000094200000, 0x0000000094200000, 0x0000000094300000|  0%| F|  |TAMS 0x0000000094200000| PB 0x0000000094200000| Untracked 
| 323|0x0000000094300000, 0x0000000094300000, 0x0000000094400000|  0%| F|  |TAMS 0x0000000094300000| PB 0x0000000094300000| Untracked 
| 324|0x0000000094400000, 0x0000000094400000, 0x0000000094500000|  0%| F|  |TAMS 0x0000000094400000| PB 0x0000000094400000| Untracked 
| 325|0x0000000094500000, 0x0000000094500000, 0x0000000094600000|  0%| F|  |TAMS 0x0000000094500000| PB 0x0000000094500000| Untracked 
| 326|0x0000000094600000, 0x0000000094600000, 0x0000000094700000|  0%| F|  |TAMS 0x0000000094600000| PB 0x0000000094600000| Untracked 
| 327|0x0000000094700000, 0x0000000094700000, 0x0000000094800000|  0%| F|  |TAMS 0x0000000094700000| PB 0x0000000094700000| Untracked 
| 328|0x0000000094800000, 0x0000000094800000, 0x0000000094900000|  0%| F|  |TAMS 0x0000000094800000| PB 0x0000000094800000| Untracked 
| 329|0x0000000094900000, 0x0000000094900000, 0x0000000094a00000|  0%| F|  |TAMS 0x0000000094900000| PB 0x0000000094900000| Untracked 
| 330|0x0000000094a00000, 0x0000000094a00000, 0x0000000094b00000|  0%| F|  |TAMS 0x0000000094a00000| PB 0x0000000094a00000| Untracked 
| 331|0x0000000094b00000, 0x0000000094b00000, 0x0000000094c00000|  0%| F|  |TAMS 0x0000000094b00000| PB 0x0000000094b00000| Untracked 
| 332|0x0000000094c00000, 0x0000000094c00000, 0x0000000094d00000|  0%| F|  |TAMS 0x0000000094c00000| PB 0x0000000094c00000| Untracked 
|2042|0x00000000ffa00000, 0x00000000ffa00000, 0x00000000ffb00000|  0%| F|  |TAMS 0x00000000ffa00000| PB 0x00000000ffa00000| Untracked 
|2043|0x00000000ffb00000, 0x00000000ffc00000, 0x00000000ffc00000|100%| O|Cm|TAMS 0x00000000ffb00000| PB 0x00000000ffb00000| Complete 
|2044|0x00000000ffc00000, 0x00000000ffd00000, 0x00000000ffd00000|100%| O|  |TAMS 0x00000000ffc00000| PB 0x00000000ffc00000| Untracked 
|2045|0x00000000ffd00000, 0x00000000ffe00000, 0x00000000ffe00000|100%| O|  |TAMS 0x00000000ffd00000| PB 0x00000000ffd00000| Untracked 
|2046|0x00000000ffe00000, 0x00000000fff00000, 0x00000000fff00000|100%| O|  |TAMS 0x00000000ffe00000| PB 0x00000000ffe00000| Untracked 
|2047|0x00000000fff00000, 0x0000000100000000, 0x0000000100000000|100%| O|  |TAMS 0x00000000fff00000| PB 0x00000000fff00000| Untracked 

Card table byte_map: [0x000001dd59940000,0x000001dd59d40000] _byte_map_base: 0x000001dd59540000

Marking Bits: (CMBitMap*) 0x000001dd46e4c7b0
 Bits: [0x000001dd59d40000, 0x000001dd5bd40000)

Polling page: 0x000001dd44bd0000

Metaspace:

Usage:
  Non-class:    109.65 MB used.
      Class:     18.15 MB used.
       Both:    127.81 MB used.

Virtual space:
  Non-class space:      128.00 MB reserved,     111.25 MB ( 87%) committed,  2 nodes.
      Class space:      416.00 MB reserved,      19.62 MB (  5%) committed,  1 nodes.
             Both:      544.00 MB reserved,     130.88 MB ( 24%) committed. 

Chunk freelists:
   Non-Class:  48.00 KB
       Class:  12.42 MB
        Both:  12.46 MB

MaxMetaspaceSize: 512.00 MB
CompressedClassSpaceSize: 416.00 MB
Initial GC threshold: 21.00 MB
Current GC threshold: 218.06 MB
CDS: on
 - commit_granule_bytes: 65536.
 - commit_granule_words: 8192.
 - virtual_space_node_default_size: 8388608.
 - enlarge_chunks_in_place: 1.
 - use_allocation_guard: 0.


Internal statistics:

num_allocs_failed_limit: 6.
num_arena_births: 5138.
num_arena_deaths: 36.
num_vsnodes_births: 3.
num_vsnodes_deaths: 0.
num_space_committed: 2094.
num_space_uncommitted: 0.
num_chunks_returned_to_freelist: 63.
num_chunks_taken_from_freelist: 11577.
num_chunk_merges: 9.
num_chunk_splits: 7495.
num_chunks_enlarged: 4652.
num_inconsistent_stats: 0.

CodeHeap 'non-profiled nmethods': size=120000Kb used=10784Kb max_used=11174Kb free=109215Kb
 bounds [0x000001dd51ac0000, 0x000001dd525b0000, 0x000001dd58ff0000]
CodeHeap 'profiled nmethods': size=120000Kb used=29560Kb max_used=31724Kb free=90439Kb
 bounds [0x000001dd49ff0000, 0x000001dd4bef0000, 0x000001dd51520000]
CodeHeap 'non-nmethods': size=5760Kb used=2829Kb max_used=2888Kb free=2930Kb
 bounds [0x000001dd51520000, 0x000001dd51800000, 0x000001dd51ac0000]
CodeCache: size=245760Kb, used=43173Kb, max_used=45786Kb, free=202584Kb
 total_blobs=15636, nmethods=14565, adapters=974, full_count=0
Compilation: enabled, stopped_count=0, restarted_count=0

Compilation events (20 events):
Event: 376.194 Thread 0x000001dd5ea116e0 20652       4       org.gradle.api.internal.artifacts.transform.DefaultTransformInvocationFactory$$Lambda/0x000001dd60898ce8::apply (12 bytes)
Event: 376.195 Thread 0x000001dd5e379c30 nmethod 20658 0x000001dd4a19c510 code [0x000001dd4a19c6c0, 0x000001dd4a19c870]
Event: 376.233 Thread 0x000001dd5e379c30 20660       3       java.util.concurrent.atomic.LongAdder::add (96 bytes)
Event: 376.235 Thread 0x000001dd5ea116e0 nmethod 20652 0x000001dd51cb2b10 code [0x000001dd51cb2d20, 0x000001dd51cb3638]
Event: 376.235 Thread 0x000001dd5ea116e0 20659       4       jdk.internal.misc.Unsafe::weakCompareAndSetLongRelease (11 bytes)
Event: 376.236 Thread 0x000001dd5ea116e0 nmethod 20659 0x000001dd51b46390 code [0x000001dd51b46520, 0x000001dd51b465c0]
Event: 376.236 Thread 0x000001dd5ea116e0 20653       4       org.gradle.api.internal.artifacts.transform.DefaultTransformInvocationFactory$$Lambda/0x000001dd60892918::apply (16 bytes)
Event: 376.236 Thread 0x000001dd5e379c30 nmethod 20660 0x000001dd4a067590 code [0x000001dd4a067820, 0x000001dd4a068348]
Event: 376.236 Thread 0x000001dd5e379c30 20661       2       java.lang.invoke.VarHandleLongs$FieldInstanceReadWrite::weakCompareAndSetRelease (33 bytes)
Event: 376.238 Thread 0x000001dd5e379c30 nmethod 20661 0x000001dd4a79c610 code [0x000001dd4a79c800, 0x000001dd4a79cb68]
Event: 376.238 Thread 0x000001dd5e379c30 20662       2       java.lang.invoke.VarHandleGuards::guard_LJJ_Z (88 bytes)
Event: 376.269 Thread 0x000001dd5e379c30 nmethod 20662 0x000001dd4a3d4c10 code [0x000001dd4a3d4ec0, 0x000001dd4a3d5928]
Event: 376.269 Thread 0x000001dd5e379c30 20664       3       com.google.common.cache.AbstractCache$SimpleStatsCounter::recordLoadSuccess (20 bytes)
Event: 376.270 Thread 0x000001dd5e379c30 nmethod 20664 0x000001dd4a8f8d10 code [0x000001dd4a8f8ee0, 0x000001dd4a8f92d8]
Event: 376.270 Thread 0x000001dd5e379c30 20665       3       java.util.concurrent.atomic.LongAdder::increment (6 bytes)
Event: 376.270 Thread 0x000001dd5e379c30 nmethod 20665 0x000001dd4a13a390 code [0x000001dd4a13a540, 0x000001dd4a13a708]
Event: 376.282 Thread 0x000001dd5ea116e0 nmethod 20653 0x000001dd51ebd690 code [0x000001dd51ebd8c0, 0x000001dd51ebe2a0]
Event: 376.283 Thread 0x000001dd5ea116e0 20666       4       java.util.concurrent.atomic.Striped64::casBase (10 bytes)
Event: 376.286 Thread 0x000001dd5ea116e0 nmethod 20666 0x000001dd51b7ba10 code [0x000001dd51b7bba0, 0x000001dd51b7bc40]
Event: 376.286 Thread 0x000001dd5ea116e0 20654       4       org.gradle.internal.execution.impl.DefaultInputFingerprinter::fingerprintInputProperties (41 bytes)

GC Heap History (20 events):
Event: 255.728 GC heap after
{Heap after GC invocations=68 (full 0):
 garbage-first heap   total 290816K, used 180980K [0x0000000080000000, 0x0000000100000000)
  region size 1024K, 8 young (8192K), 8 survivors (8192K)
 Metaspace       used 129273K, committed 132288K, reserved 557056K
  class space    used 18390K, committed 19840K, reserved 425984K
}
Event: 268.012 GC heap before
{Heap before GC invocations=68 (full 0):
 garbage-first heap   total 290816K, used 262900K [0x0000000080000000, 0x0000000100000000)
  region size 1024K, 89 young (91136K), 8 survivors (8192K)
 Metaspace       used 129433K, committed 132480K, reserved 557056K
  class space    used 18396K, committed 19904K, reserved 425984K
}
Event: 268.061 GC heap after
{Heap after GC invocations=69 (full 0):
 garbage-first heap   total 290816K, used 188456K [0x0000000080000000, 0x0000000100000000)
  region size 1024K, 8 young (8192K), 8 survivors (8192K)
 Metaspace       used 129433K, committed 132480K, reserved 557056K
  class space    used 18396K, committed 19904K, reserved 425984K
}
Event: 290.426 GC heap before
{Heap before GC invocations=69 (full 0):
 garbage-first heap   total 290816K, used 270376K [0x0000000080000000, 0x0000000100000000)
  region size 1024K, 85 young (87040K), 8 survivors (8192K)
 Metaspace       used 130036K, committed 133056K, reserved 557056K
  class space    used 18488K, committed 19968K, reserved 425984K
}
Event: 290.618 GC heap after
{Heap after GC invocations=70 (full 0):
 garbage-first heap   total 290816K, used 195681K [0x0000000080000000, 0x0000000100000000)
  region size 1024K, 9 young (9216K), 9 survivors (9216K)
 Metaspace       used 130036K, committed 133056K, reserved 557056K
  class space    used 18488K, committed 19968K, reserved 425984K
}
Event: 348.114 GC heap before
{Heap before GC invocations=70 (full 0):
 garbage-first heap   total 290816K, used 266337K [0x0000000080000000, 0x0000000100000000)
  region size 1024K, 78 young (79872K), 9 survivors (9216K)
 Metaspace       used 130843K, committed 133952K, reserved 557056K
  class space    used 18586K, committed 20096K, reserved 425984K
}
Event: 358.033 GC heap after
{Heap after GC invocations=71 (full 0):
 garbage-first heap   total 290816K, used 203142K [0x0000000080000000, 0x0000000100000000)
  region size 1024K, 7 young (7168K), 7 survivors (7168K)
 Metaspace       used 130843K, committed 133952K, reserved 557056K
  class space    used 18586K, committed 20096K, reserved 425984K
}
Event: 363.698 GC heap before
{Heap before GC invocations=71 (full 0):
 garbage-first heap   total 290816K, used 209286K [0x0000000080000000, 0x0000000100000000)
  region size 1024K, 14 young (14336K), 7 survivors (7168K)
 Metaspace       used 130852K, committed 133952K, reserved 557056K
  class space    used 18587K, committed 20096K, reserved 425984K
}
Event: 363.722 GC heap after
{Heap after GC invocations=72 (full 0):
 garbage-first heap   total 290816K, used 205166K [0x0000000080000000, 0x0000000100000000)
  region size 1024K, 2 young (2048K), 2 survivors (2048K)
 Metaspace       used 130852K, committed 133952K, reserved 557056K
  class space    used 18587K, committed 20096K, reserved 425984K
}
Event: 363.953 GC heap before
{Heap before GC invocations=72 (full 0):
 garbage-first heap   total 290816K, used 216430K [0x0000000080000000, 0x0000000100000000)
  region size 1024K, 14 young (14336K), 2 survivors (2048K)
 Metaspace       used 130852K, committed 133952K, reserved 557056K
  class space    used 18587K, committed 20096K, reserved 425984K
}
Event: 363.961 GC heap after
{Heap after GC invocations=73 (full 0):
 garbage-first heap   total 290816K, used 206656K [0x0000000080000000, 0x0000000100000000)
  region size 1024K, 2 young (2048K), 2 survivors (2048K)
 Metaspace       used 130852K, committed 133952K, reserved 557056K
  class space    used 18587K, committed 20096K, reserved 425984K
}
Event: 375.370 GC heap before
{Heap before GC invocations=74 (full 0):
 garbage-first heap   total 347136K, used 219968K [0x0000000080000000, 0x0000000100000000)
  region size 1024K, 16 young (16384K), 2 survivors (2048K)
 Metaspace       used 130872K, committed 134016K, reserved 557056K
  class space    used 18587K, committed 20096K, reserved 425984K
}
Event: 375.526 GC heap after
{Heap after GC invocations=75 (full 0):
 garbage-first heap   total 347136K, used 208599K [0x0000000080000000, 0x0000000100000000)
  region size 1024K, 2 young (2048K), 2 survivors (2048K)
 Metaspace       used 130872K, committed 134016K, reserved 557056K
  class space    used 18587K, committed 20096K, reserved 425984K
}
Event: 375.762 GC heap before
{Heap before GC invocations=75 (full 0):
 garbage-first heap   total 347136K, used 221911K [0x0000000080000000, 0x0000000100000000)
  region size 1024K, 16 young (16384K), 2 survivors (2048K)
 Metaspace       used 130872K, committed 134016K, reserved 557056K
  class space    used 18587K, committed 20096K, reserved 425984K
}
Event: 375.806 GC heap after
{Heap after GC invocations=76 (full 0):
 garbage-first heap   total 347136K, used 209367K [0x0000000080000000, 0x0000000100000000)
  region size 1024K, 2 young (2048K), 2 survivors (2048K)
 Metaspace       used 130872K, committed 134016K, reserved 557056K
  class space    used 18587K, committed 20096K, reserved 425984K
}
Event: 375.899 GC heap before
{Heap before GC invocations=76 (full 0):
 garbage-first heap   total 347136K, used 222679K [0x0000000080000000, 0x0000000100000000)
  region size 1024K, 16 young (16384K), 2 survivors (2048K)
 Metaspace       used 130872K, committed 134016K, reserved 557056K
  class space    used 18587K, committed 20096K, reserved 425984K
}
Event: 376.020 GC heap after
{Heap after GC invocations=77 (full 0):
 garbage-first heap   total 347136K, used 209070K [0x0000000080000000, 0x0000000100000000)
  region size 1024K, 1 young (1024K), 1 survivors (1024K)
 Metaspace       used 130872K, committed 134016K, reserved 557056K
  class space    used 18587K, committed 20096K, reserved 425984K
}
Event: 376.212 GC heap before
{Heap before GC invocations=77 (full 0):
 garbage-first heap   total 347136K, used 223406K [0x0000000080000000, 0x0000000100000000)
  region size 1024K, 16 young (16384K), 1 survivors (1024K)
 Metaspace       used 130872K, committed 134016K, reserved 557056K
  class space    used 18587K, committed 20096K, reserved 425984K
}
Event: 376.222 GC heap after
{Heap after GC invocations=78 (full 0):
 garbage-first heap   total 347136K, used 209361K [0x0000000080000000, 0x0000000100000000)
  region size 1024K, 1 young (1024K), 1 survivors (1024K)
 Metaspace       used 130872K, committed 134016K, reserved 557056K
  class space    used 18587K, committed 20096K, reserved 425984K
}
Event: 376.352 GC heap before
{Heap before GC invocations=78 (full 0):
 garbage-first heap   total 347136K, used 223697K [0x0000000080000000, 0x0000000100000000)
  region size 1024K, 16 young (16384K), 1 survivors (1024K)
 Metaspace       used 130873K, committed 134016K, reserved 557056K
  class space    used 18587K, committed 20096K, reserved 425984K
}

Dll operation events (20 events):
Event: 0.222 Attempting to load shared library C:\Users\Balachandran\.vscode\extensions\redhat.java-1.56.0-win32-x64\jre\21.0.12.1-win32-x86_64\bin\zip.dll
Event: 0.222 Loaded shared library C:\Users\Balachandran\.vscode\extensions\redhat.java-1.56.0-win32-x64\jre\21.0.12.1-win32-x86_64\bin\zip.dll
Event: 0.996 Attempting to load shared library C:\Users\Balachandran\.vscode\extensions\redhat.java-1.56.0-win32-x64\jre\21.0.12.1-win32-x86_64\bin\jimage.dll
Event: 0.996 Loaded shared library C:\Users\Balachandran\.vscode\extensions\redhat.java-1.56.0-win32-x64\jre\21.0.12.1-win32-x86_64\bin\jimage.dll
Event: 1.381 Attempting to load shared library C:\Users\Balachandran\.vscode\extensions\redhat.java-1.56.0-win32-x64\jre\21.0.12.1-win32-x86_64\bin\verify.dll
Event: 1.387 Loaded shared library C:\Users\Balachandran\.vscode\extensions\redhat.java-1.56.0-win32-x64\jre\21.0.12.1-win32-x86_64\bin\verify.dll
Event: 1.641 Attempting to load shared library C:\Users\Balachandran\.gradle\native\1def1411415f61bf3af743bc5b6707747c0891f09f0c88961ee8f79bc544acac\windows-amd64\native-platform.dll
Event: 1.644 Loaded shared library C:\Users\Balachandran\.gradle\native\1def1411415f61bf3af743bc5b6707747c0891f09f0c88961ee8f79bc544acac\windows-amd64\native-platform.dll
Event: 1.673 Attempting to load shared library C:\Users\Balachandran\.gradle\native\0.2.7\x86_64-windows-gnu\gradle-fileevents.dll
Event: 1.676 Loaded shared library C:\Users\Balachandran\.gradle\native\0.2.7\x86_64-windows-gnu\gradle-fileevents.dll
Event: 3.702 Attempting to load shared library C:\Users\Balachandran\.vscode\extensions\redhat.java-1.56.0-win32-x64\jre\21.0.12.1-win32-x86_64\bin\management.dll
Event: 3.704 Loaded shared library C:\Users\Balachandran\.vscode\extensions\redhat.java-1.56.0-win32-x64\jre\21.0.12.1-win32-x86_64\bin\management.dll
Event: 3.711 Attempting to load shared library C:\Users\Balachandran\.vscode\extensions\redhat.java-1.56.0-win32-x64\jre\21.0.12.1-win32-x86_64\bin\management_ext.dll
Event: 3.713 Loaded shared library C:\Users\Balachandran\.vscode\extensions\redhat.java-1.56.0-win32-x64\jre\21.0.12.1-win32-x86_64\bin\management_ext.dll
Event: 3.990 Attempting to load shared library C:\Users\Balachandran\.vscode\extensions\redhat.java-1.56.0-win32-x64\jre\21.0.12.1-win32-x86_64\bin\extnet.dll
Event: 3.993 Loaded shared library C:\Users\Balachandran\.vscode\extensions\redhat.java-1.56.0-win32-x64\jre\21.0.12.1-win32-x86_64\bin\extnet.dll
Event: 4.601 Attempting to load shared library C:\Users\Balachandran\.vscode\extensions\redhat.java-1.56.0-win32-x64\jre\21.0.12.1-win32-x86_64\bin\sunmscapi.dll
Event: 4.609 Loaded shared library C:\Users\Balachandran\.vscode\extensions\redhat.java-1.56.0-win32-x64\jre\21.0.12.1-win32-x86_64\bin\sunmscapi.dll
Event: 60.000 Attempting to load shared library C:\Users\Balachandran\.vscode\extensions\redhat.java-1.56.0-win32-x64\jre\21.0.12.1-win32-x86_64\bin\rmi.dll
Event: 60.827 Loaded shared library C:\Users\Balachandran\.vscode\extensions\redhat.java-1.56.0-win32-x64\jre\21.0.12.1-win32-x86_64\bin\rmi.dll

Deoptimization events (20 events):
Event: 376.099 Thread 0x000001dd5ead9ee0 DEOPT PACKING pc=0x000001dd521ce6c4 sp=0x0000008d8a3fcd30
Event: 376.099 Thread 0x000001dd5ead9ee0 DEOPT UNPACKING pc=0x000001dd51574422 sp=0x0000008d8a3fcb68 mode 2
Event: 376.180 Thread 0x000001dd00fa2010 Uncommon trap: trap_request=0xffffffec fr.pc=0x000001dd521b244c relative=0x000000000000010c
Event: 376.180 Thread 0x000001dd00fa2010 Uncommon trap: reason=null_assert_or_unreached0 action=make_not_entrant pc=0x000001dd521b244c method=java.util.concurrent.atomic.LongAdder.add(J)V @ 4 c2
Event: 376.180 Thread 0x000001dd00fa2010 DEOPT PACKING pc=0x000001dd521b244c sp=0x0000008d8abfc860
Event: 376.180 Thread 0x000001dd00fa2010 DEOPT UNPACKING pc=0x000001dd51574422 sp=0x0000008d8abfc6f8 mode 2
Event: 376.182 Thread 0x000001dd5ead9ee0 Uncommon trap: trap_request=0xffffffec fr.pc=0x000001dd51fa962c relative=0x000000000000008c
Event: 376.182 Thread 0x000001dd5ead9ee0 Uncommon trap: reason=null_assert_or_unreached0 action=make_not_entrant pc=0x000001dd51fa962c method=java.util.concurrent.atomic.LongAdder.add(J)V @ 4 c2
Event: 376.182 Thread 0x000001dd5ead9ee0 DEOPT PACKING pc=0x000001dd51fa962c sp=0x0000008d8a3fcc00
Event: 376.184 Thread 0x000001dd5ead9ee0 DEOPT UNPACKING pc=0x000001dd51574422 sp=0x0000008d8a3fcb58 mode 2
Event: 376.227 Thread 0x000001dd00fa2010 Uncommon trap: trap_request=0xfffffff4 fr.pc=0x000001dd520d7948 relative=0x00000000000001a8
Event: 376.227 Thread 0x000001dd00fa2010 Uncommon trap: reason=null_check action=make_not_entrant pc=0x000001dd520d7948 method=jdk.internal.util.StrongReferenceKey.equals(Ljava/lang/Object;)Z @ 1 c2
Event: 376.227 Thread 0x000001dd00fa2010 DEOPT PACKING pc=0x000001dd520d7948 sp=0x0000008d8abfb8a0
Event: 376.231 Thread 0x000001dd00fa2010 DEOPT UNPACKING pc=0x000001dd51574422 sp=0x0000008d8abfb848 mode 2
Event: 376.268 Thread 0x000001dd5ead7e10 DEOPT PACKING pc=0x000001dd4b251282 sp=0x0000008d8a4fe230
Event: 376.270 Thread 0x000001dd5ead7e10 DEOPT UNPACKING pc=0x000001dd51574bc2 sp=0x0000008d8a4fd758 mode 0
Event: 376.270 Thread 0x000001dd5ead7e10 Uncommon trap: trap_request=0xffffff45 fr.pc=0x000001dd51b9bcfc relative=0x00000000000011dc
Event: 376.270 Thread 0x000001dd5ead7e10 Uncommon trap: reason=unstable_if action=reinterpret pc=0x000001dd51b9bcfc method=java.util.concurrent.ConcurrentHashMap.transfer([Ljava/util/concurrent/ConcurrentHashMap$Node;[Ljava/util/concurrent/ConcurrentHashMap$Node;)V @ 273 c2
Event: 376.270 Thread 0x000001dd5ead7e10 DEOPT PACKING pc=0x000001dd51b9bcfc sp=0x0000008d8a4fe2d0
Event: 376.271 Thread 0x000001dd5ead7e10 DEOPT UNPACKING pc=0x000001dd51574422 sp=0x0000008d8a4fe258 mode 2

Classes loaded (20 events):
Event: 253.819 Loading class java/util/TreeSetBeanInfo
Event: 253.819 Loading class java/util/TreeSetBeanInfo done
Event: 253.823 Loading class java/util/TreeSetCustomizer
Event: 253.823 Loading class java/util/TreeSetCustomizer done
Event: 253.832 Loading class java/util/TreeSetCustomizer
Event: 253.832 Loading class java/util/TreeSetCustomizer done
Event: 254.360 Loading class java/lang/EnumBeanInfo
Event: 254.361 Loading class java/lang/EnumBeanInfo done
Event: 254.374 Loading class java/lang/EnumBeanInfo
Event: 254.374 Loading class java/lang/EnumBeanInfo done
Event: 254.380 Loading class java/lang/EnumCustomizer
Event: 254.391 Loading class java/lang/EnumCustomizer done
Event: 254.396 Loading class java/lang/EnumCustomizer
Event: 254.396 Loading class java/lang/EnumCustomizer done
Event: 254.985 Loading class java/io/LineNumberReader
Event: 254.991 Loading class java/io/LineNumberReader done
Event: 277.852 Loading class jdk/internal/reflect/MethodHandleCharacterFieldAccessorImpl
Event: 277.859 Loading class jdk/internal/reflect/MethodHandleCharacterFieldAccessorImpl done
Event: 280.151 Loading class java/io/FilterReader
Event: 280.152 Loading class java/io/FilterReader done

Classes unloaded (20 events):
Event: 18.158 Thread 0x000001dd5e3496f0 Unloading class 0x000001dd605a43f0 '_BuildScript_$_run_closure1$_closure2'
Event: 18.158 Thread 0x000001dd5e3496f0 Unloading class 0x000001dd605a4000 '_BuildScript_$_run_closure1'
Event: 18.158 Thread 0x000001dd5e3496f0 Unloading class 0x000001dd6059c000 '_BuildScript_'
Event: 131.434 Thread 0x000001dd5e3496f0 Unloading class 0x000001dd60e14800 'jdk/internal/reflect/GeneratedSerializationConstructorAccessor60'
Event: 131.435 Thread 0x000001dd5e3496f0 Unloading class 0x000001dd60db0c00 'java/lang/invoke/LambdaForm$DMH+0x000001dd60db0c00'
Event: 131.435 Thread 0x000001dd5e3496f0 Unloading class 0x000001dd60db0400 'java/lang/invoke/LambdaForm$DMH+0x000001dd60db0400'
Event: 131.435 Thread 0x000001dd5e3496f0 Unloading class 0x000001dd60d94400 'java/lang/invoke/LambdaForm$DMH+0x000001dd60d94400'
Event: 131.436 Thread 0x000001dd5e3496f0 Unloading class 0x000001dd60d87000 'java/lang/invoke/LambdaForm$MH+0x000001dd60d87000'
Event: 131.436 Thread 0x000001dd5e3496f0 Unloading class 0x000001dd60d86c00 'java/lang/invoke/LambdaForm$MH+0x000001dd60d86c00'
Event: 131.436 Thread 0x000001dd5e3496f0 Unloading class 0x000001dd60d85400 'java/lang/invoke/LambdaForm$MH+0x000001dd60d85400'
Event: 131.436 Thread 0x000001dd5e3496f0 Unloading class 0x000001dd60d84800 'java/lang/invoke/LambdaForm$MH+0x000001dd60d84800'
Event: 131.436 Thread 0x000001dd5e3496f0 Unloading class 0x000001dd60d83c00 'java/lang/invoke/LambdaForm$MH+0x000001dd60d83c00'
Event: 131.436 Thread 0x000001dd5e3496f0 Unloading class 0x000001dd60d82c00 'java/lang/invoke/LambdaForm$MH+0x000001dd60d82c00'
Event: 131.436 Thread 0x000001dd5e3496f0 Unloading class 0x000001dd60d82000 'java/lang/invoke/LambdaForm$MH+0x000001dd60d82000'
Event: 131.436 Thread 0x000001dd5e3496f0 Unloading class 0x000001dd60d81800 'java/lang/invoke/LambdaForm$MH+0x000001dd60d81800'
Event: 131.436 Thread 0x000001dd5e3496f0 Unloading class 0x000001dd60d81000 'java/lang/invoke/LambdaForm$MH+0x000001dd60d81000'
Event: 131.436 Thread 0x000001dd5e3496f0 Unloading class 0x000001dd60d80800 'java/lang/invoke/LambdaForm$MH+0x000001dd60d80800'
Event: 131.436 Thread 0x000001dd5e3496f0 Unloading class 0x000001dd60d80400 'java/lang/invoke/LambdaForm$DMH+0x000001dd60d80400'
Event: 131.436 Thread 0x000001dd5e3496f0 Unloading class 0x000001dd60d70c00 'java/lang/invoke/LambdaForm$MH+0x000001dd60d70c00'
Event: 131.436 Thread 0x000001dd5e3496f0 Unloading class 0x000001dd60d70400 'java/lang/invoke/LambdaForm$DMH+0x000001dd60d70400'

Classes redefined (0 events):
No events

Internal exceptions (20 events):
Event: 307.727 Thread 0x000001dd7f641e40 Exception <a 'java/lang/ClassNotFoundException'{0x000000008f696248}: com/android/build/gradle/tasks/ExternalNativeBuildJsonTaskBeanInfo> (0x000000008f696248) 
thrown [s\src\hotspot\share\classfile\systemDictionary.cpp, line 313]
Event: 307.742 Thread 0x000001dd7f641e40 Exception <a 'java/lang/ClassNotFoundException'{0x000000008f6b1888}: com/android/build/gradle/internal/tasks/UnsafeOutputsTaskBeanInfo> (0x000000008f6b1888) 
thrown [s\src\hotspot\share\classfile\systemDictionary.cpp, line 313]
Event: 307.793 Thread 0x000001dd7f641e40 Exception <a 'java/lang/ClassNotFoundException'{0x000000008f6ccec0}: com/android/build/gradle/internal/tasks/AndroidVariantTaskBeanInfo> (0x000000008f6ccec0) 
thrown [s\src\hotspot\share\classfile\systemDictionary.cpp, line 313]
Event: 307.805 Thread 0x000001dd7f641e40 Exception <a 'java/lang/ClassNotFoundException'{0x000000008f6e8490}: com/android/build/gradle/internal/tasks/BaseTaskBeanInfo> (0x000000008f6e8490) 
thrown [s\src\hotspot\share\classfile\systemDictionary.cpp, line 313]
Event: 307.848 Thread 0x000001dd7f641e40 Exception <a 'java/lang/ClassNotFoundException'{0x000000008f504ac0}: com/android/build/gradle/internal/tasks/BaseTaskCustomizer> (0x000000008f504ac0) 
thrown [s\src\hotspot\share\classfile\systemDictionary.cpp, line 313]
Event: 307.876 Thread 0x000001dd7f641e40 Exception <a 'java/lang/ClassNotFoundException'{0x000000008f52fa58}: com/android/build/gradle/internal/tasks/AndroidVariantTaskCustomizer> (0x000000008f52fa58) 
thrown [s\src\hotspot\share\classfile\systemDictionary.cpp, line 313]
Event: 307.918 Thread 0x000001dd7f641e40 Exception <a 'java/lang/ClassNotFoundException'{0x000000008f559698}: com/android/build/gradle/internal/tasks/UnsafeOutputsTaskCustomizer> (0x000000008f559698) 
thrown [s\src\hotspot\share\classfile\systemDictionary.cpp, line 313]
Event: 307.933 Thread 0x000001dd7f641e40 Exception <a 'java/lang/ClassNotFoundException'{0x000000008f583b38}: com/android/build/gradle/tasks/ExternalNativeBuildJsonTaskCustomizer> (0x000000008f583b38) 
thrown [s\src\hotspot\share\classfile\systemDictionary.cpp, line 313]
Event: 308.005 Thread 0x000001dd7f641e40 Exception <a 'java/lang/ClassNotFoundException'{0x000000008f5b4fc0}: com/android/build/gradle/tasks/ExternalNativeBuildJsonTask_DecoratedCustomizer> (0x000000008f5b4fc0) 
thrown [s\src\hotspot\share\classfile\systemDictionary.cpp, line 313]
Event: 308.951 Thread 0x000001dd7f641e40 Exception <a 'java/lang/NoSuchMethodError'{0x000000008f3774a0}: static Lcom/android/build/gradle/internal/cxx/prefab/PrefabPackagePublication;.<clinit>()V> (0x000000008f3774a0) 
thrown [s\src\hotspot\share\prims\jni.cpp, line 1111]
Event: 308.964 Thread 0x000001dd7f641e40 Exception <a 'java/lang/NoSuchMethodError'{0x000000008f396090}: static Lcom/android/build/gradle/internal/cxx/prefab/PrefabModulePublication;.<clinit>()V> (0x000000008f396090) 
thrown [s\src\hotspot\share\prims\jni.cpp, line 1111]
Event: 308.982 Thread 0x000001dd7f641e40 Exception <a 'java/lang/NoSuchMethodError'{0x000000008f3b3360}: static Lcom/android/build/gradle/internal/cxx/prefab/PrefabAbiPublication;.<clinit>()V> (0x000000008f3b3360) 
thrown [s\src\hotspot\share\prims\jni.cpp, line 1111]
Event: 309.434 Thread 0x000001dd7f641e40 Exception <a 'java/lang/NoSuchMethodError'{0x000000008f260fc0}: 'int java.lang.invoke.Invokers$Holder.invokeExact_MT(java.lang.Object, java.lang.Object, java.lang.Object)'> (0x000000008f260fc0) 
thrown [s\src\hotspot\share\interpreter\linkResolver.cpp, line 773]
Event: 315.299 Thread 0x000001dd7f641e40 Exception <a 'java/lang/ClassNotFoundException'{0x000000008e5c4700}: com/android/build/gradle/tasks/ExternalNativeBuildTask_DecoratedBeanInfo> (0x000000008e5c4700) 
thrown [s\src\hotspot\share\classfile\systemDictionary.cpp, line 313]
Event: 315.303 Thread 0x000001dd7f641e40 Exception <a 'java/lang/ClassNotFoundException'{0x000000008e5d3410}: com/android/build/gradle/tasks/ExternalNativeBuildTaskBeanInfo> (0x000000008e5d3410) 
thrown [s\src\hotspot\share\classfile\systemDictionary.cpp, line 313]
Event: 315.307 Thread 0x000001dd7f641e40 Exception <a 'java/lang/ClassNotFoundException'{0x000000008e5e1a00}: com/android/build/gradle/tasks/ExternalNativeBuildTaskCustomizer> (0x000000008e5e1a00) 
thrown [s\src\hotspot\share\classfile\systemDictionary.cpp, line 313]
Event: 315.325 Thread 0x000001dd7f641e40 Exception <a 'java/lang/ClassNotFoundException'{0x000000008e402ec8}: com/android/build/gradle/tasks/ExternalNativeBuildTask_DecoratedCustomizer> (0x000000008e402ec8) 
thrown [s\src\hotspot\share\classfile\systemDictionary.cpp, line 313]
Event: 321.777 Thread 0x000001dd7f641e40 Exception <a 'java/lang/ClassNotFoundException'{0x000000008e3d9208}: build_bje3046jxkb5u4adrst2ejd4xBeanInfo> (0x000000008e3d9208) 
thrown [s\src\hotspot\share\classfile\systemDictionary.cpp, line 313]
Event: 321.785 Thread 0x000001dd7f641e40 Exception <a 'java/lang/ClassNotFoundException'{0x000000008e3dfff8}: build_bje3046jxkb5u4adrst2ejd4xCustomizer> (0x000000008e3dfff8) 
thrown [s\src\hotspot\share\classfile\systemDictionary.cpp, line 313]
Event: 376.227 Thread 0x000001dd00fa2010 Implicit null exception at 0x000001dd520d77e0 to 0x000001dd520d793d

ZGC Phase Switch (0 events):
No events

VM Operations (20 events):
Event: 363.722 Executing safepoint VM operation: G1CollectForAllocation (G1 Evacuation Pause) done
Event: 363.947 Executing safepoint VM operation: G1CollectForAllocation (G1 Evacuation Pause)
Event: 363.961 Executing safepoint VM operation: G1CollectForAllocation (G1 Evacuation Pause) done
Event: 364.770 Executing safepoint VM operation: G1PauseRemark
Event: 365.091 Executing safepoint VM operation: G1PauseRemark done
Event: 365.214 Executing safepoint VM operation: G1PauseCleanup
Event: 365.216 Executing safepoint VM operation: G1PauseCleanup done
Event: 373.267 Executing safepoint VM operation: Cleanup
Event: 373.267 Executing safepoint VM operation: Cleanup done
Event: 375.269 Executing safepoint VM operation: Cleanup
Event: 375.269 Executing safepoint VM operation: Cleanup done
Event: 375.370 Executing safepoint VM operation: G1CollectForAllocation (G1 Evacuation Pause)
Event: 375.527 Executing safepoint VM operation: G1CollectForAllocation (G1 Evacuation Pause) done
Event: 375.762 Executing safepoint VM operation: G1CollectForAllocation (G1 Evacuation Pause)
Event: 375.806 Executing safepoint VM operation: G1CollectForAllocation (G1 Evacuation Pause) done
Event: 375.898 Executing safepoint VM operation: G1CollectForAllocation (G1 Evacuation Pause)
Event: 376.021 Executing safepoint VM operation: G1CollectForAllocation (G1 Evacuation Pause) done
Event: 376.203 Executing safepoint VM operation: G1CollectForAllocation (G1 Evacuation Pause)
Event: 376.222 Executing safepoint VM operation: G1CollectForAllocation (G1 Evacuation Pause) done
Event: 376.334 Executing safepoint VM operation: G1CollectForAllocation (G1 Evacuation Pause)

Memory protections (0 events):
No events

Nmethod flushes (20 events):
Event: 365.073 Thread 0x000001dd5e3496f0 flushing  nmethod 0x000001dd4b291690
Event: 365.073 Thread 0x000001dd5e3496f0 flushing  nmethod 0x000001dd4b32ed90
Event: 365.074 Thread 0x000001dd5e3496f0 flushing  nmethod 0x000001dd4b347490
Event: 365.074 Thread 0x000001dd5e3496f0 flushing  nmethod 0x000001dd4b34d510
Event: 365.074 Thread 0x000001dd5e3496f0 flushing  nmethod 0x000001dd4b5e9510
Event: 365.074 Thread 0x000001dd5e3496f0 flushing  nmethod 0x000001dd4b5ecd10
Event: 365.074 Thread 0x000001dd5e3496f0 flushing  nmethod 0x000001dd4b5ee010
Event: 365.075 Thread 0x000001dd5e3496f0 flushing  nmethod 0x000001dd4b5f1410
Event: 365.075 Thread 0x000001dd5e3496f0 flushing  nmethod 0x000001dd4b7ca910
Event: 365.075 Thread 0x000001dd5e3496f0 flushing  nmethod 0x000001dd4b83d590
Event: 365.075 Thread 0x000001dd5e3496f0 flushing  nmethod 0x000001dd4b92b410
Event: 365.075 Thread 0x000001dd5e3496f0 flushing  nmethod 0x000001dd4b98af10
Event: 365.075 Thread 0x000001dd5e3496f0 flushing  nmethod 0x000001dd4b98b590
Event: 365.075 Thread 0x000001dd5e3496f0 flushing  nmethod 0x000001dd4b9c6b10
Event: 365.075 Thread 0x000001dd5e3496f0 flushing  nmethod 0x000001dd4b9cc310
Event: 365.075 Thread 0x000001dd5e3496f0 flushing  nmethod 0x000001dd4bb85d90
Event: 365.075 Thread 0x000001dd5e3496f0 flushing  nmethod 0x000001dd4bc68010
Event: 365.075 Thread 0x000001dd5e3496f0 flushing  nmethod 0x000001dd4bc69890
Event: 365.075 Thread 0x000001dd5e3496f0 flushing  nmethod 0x000001dd4bc86190
Event: 365.075 Thread 0x000001dd5e3496f0 flushing  nmethod 0x000001dd4bc8c210

Events (20 events):
Event: 211.954 Thread 0x000001dd02d76ef0 Thread added: 0x000001dd0a12d290
Event: 223.037 Thread 0x000001dd03af8eb0 Thread added: 0x000001dd01bef940
Event: 223.040 Thread 0x000001dd03af8eb0 Thread added: 0x000001dd0b52d420
Event: 236.238 Thread 0x000001dd00a6c660 Thread exited: 0x000001dd00a6c660
Event: 243.914 Thread 0x000001dd01b4d1c0 Thread exited: 0x000001dd01b4d1c0
Event: 244.030 Thread 0x000001dd01b4cb30 Thread exited: 0x000001dd01b4cb30
Event: 244.050 Thread 0x000001dd01b4be10 Thread exited: 0x000001dd01b4be10
Event: 244.290 Thread 0x000001dd03afd050 Thread exited: 0x000001dd03afd050
Event: 244.513 Thread 0x000001dd03afbca0 Thread exited: 0x000001dd03afbca0
Event: 250.066 Thread 0x000001dd5ebb8560 Thread exited: 0x000001dd5ebb8560
Event: 290.031 Thread 0x000001dd7f644c30 Thread added: 0x000001dd09022ce0
Event: 296.264 Thread 0x000001dd00a69870 Thread exited: 0x000001dd00a69870
Event: 298.145 Thread 0x000001dd0b52d420 Thread exited: 0x000001dd0b52d420
Event: 298.146 Thread 0x000001dd01bef940 Thread exited: 0x000001dd01bef940
Event: 358.382 Thread 0x000001dd00a6bfd0 Thread exited: 0x000001dd00a6bfd0
Event: 360.765 Thread 0x000001dd02d76ef0 Thread exited: 0x000001dd02d76ef0
Event: 360.777 Thread 0x000001dd0a12e640 Thread exited: 0x000001dd0a12e640
Event: 360.885 Thread 0x000001dd0a12d290 Thread exited: 0x000001dd0a12d290
Event: 363.933 Thread 0x000001dd5ea116e0 Thread added: 0x000001dd0a8fe390
Event: 366.245 Thread 0x000001dd0a8fe390 Thread exited: 0x000001dd0a8fe390


Dynamic libraries:
0x00007ff6b11f0000 - 0x00007ff6b11fe000 	C:\Users\Balachandran\.vscode\extensions\redhat.java-1.56.0-win32-x64\jre\21.0.12.1-win32-x86_64\bin\java.exe
0x00007ff8c18a0000 - 0x00007ff8c1b07000 	C:\WINDOWS\SYSTEM32\ntdll.dll
0x00007ff8c0520000 - 0x00007ff8c05ea000 	C:\WINDOWS\System32\KERNEL32.DLL
0x00007ff8beca0000 - 0x00007ff8bf0a2000 	C:\WINDOWS\System32\KERNELBASE.dll
0x00007ff8beb40000 - 0x00007ff8bec8c000 	C:\WINDOWS\System32\ucrtbase.dll
0x00007ff890b30000 - 0x00007ff890b4e000 	C:\Users\Balachandran\.vscode\extensions\redhat.java-1.56.0-win32-x64\jre\21.0.12.1-win32-x86_64\bin\VCRUNTIME140.dll
0x00007ff890af0000 - 0x00007ff890b08000 	C:\Users\Balachandran\.vscode\extensions\redhat.java-1.56.0-win32-x64\jre\21.0.12.1-win32-x86_64\bin\jli.dll
0x00007ff8c12f0000 - 0x00007ff8c14bf000 	C:\WINDOWS\System32\USER32.dll
0x00007ff8bf1e0000 - 0x00007ff8bf207000 	C:\WINDOWS\System32\win32u.dll
0x00007ff8bf610000 - 0x00007ff8bf63b000 	C:\WINDOWS\System32\GDI32.dll
0x00007ff8bf0b0000 - 0x00007ff8bf1d9000 	C:\WINDOWS\System32\gdi32full.dll
0x00007ff8bf2d0000 - 0x00007ff8bf373000 	C:\WINDOWS\System32\msvcp_win.dll
0x00007ff8a0490000 - 0x00007ff8a0720000 	C:\WINDOWS\WinSxS\amd64_microsoft.windows.common-controls_6595b64144ccf1df_6.0.26100.9278_none_3e0d1ba8e3303201\COMCTL32.dll
0x00007ff8bf990000 - 0x00007ff8bfa39000 	C:\WINDOWS\System32\msvcrt.dll
0x00007ff8bf5d0000 - 0x00007ff8bf601000 	C:\WINDOWS\System32\IMM32.DLL
0x00007ff8a2880000 - 0x00007ff8a288c000 	C:\Users\Balachandran\.vscode\extensions\redhat.java-1.56.0-win32-x64\jre\21.0.12.1-win32-x86_64\bin\vcruntime140_1.dll
0x00007ff86a3f0000 - 0x00007ff86a47d000 	C:\Users\Balachandran\.vscode\extensions\redhat.java-1.56.0-win32-x64\jre\21.0.12.1-win32-x86_64\bin\msvcp140.dll
0x00007ff80b0f0000 - 0x00007ff80be92000 	C:\Users\Balachandran\.vscode\extensions\redhat.java-1.56.0-win32-x64\jre\21.0.12.1-win32-x86_64\bin\server\jvm.dll
0x00007ff8c0ba0000 - 0x00007ff8c0c5c000 	C:\WINDOWS\System32\ADVAPI32.dll
0x00007ff8c14e0000 - 0x00007ff8c1589000 	C:\WINDOWS\System32\sechost.dll
0x00007ff8bf640000 - 0x00007ff8bf758000 	C:\WINDOWS\System32\RPCRT4.dll
0x00007ff8bf760000 - 0x00007ff8bf7e0000 	C:\WINDOWS\System32\WS2_32.dll
0x00007ff8be910000 - 0x00007ff8be96e000 	C:\WINDOWS\SYSTEM32\POWRPROF.dll
0x00007ff8b47a0000 - 0x00007ff8b47d6000 	C:\WINDOWS\SYSTEM32\WINMM.dll
0x00007ff8a19b0000 - 0x00007ff8a19bb000 	C:\WINDOWS\SYSTEM32\VERSION.dll
0x00007ff8be8f0000 - 0x00007ff8be905000 	C:\WINDOWS\SYSTEM32\UMPDC.dll
0x00007ff8bd6c0000 - 0x00007ff8bd6db000 	C:\WINDOWS\SYSTEM32\kernel.appcore.dll
0x00007ff8a27b0000 - 0x00007ff8a27ba000 	C:\Users\Balachandran\.vscode\extensions\redhat.java-1.56.0-win32-x64\jre\21.0.12.1-win32-x86_64\bin\jimage.dll
0x00007ff8bc0e0000 - 0x00007ff8bc322000 	C:\WINDOWS\SYSTEM32\DBGHELP.DLL
0x00007ff8c0810000 - 0x00007ff8c0b94000 	C:\WINDOWS\System32\combase.dll
0x00007ff8c0200000 - 0x00007ff8c02d9000 	C:\WINDOWS\System32\OLEAUT32.dll
0x00007ff89f160000 - 0x00007ff89f19b000 	C:\WINDOWS\SYSTEM32\dbgcore.DLL
0x00007ff8bf510000 - 0x00007ff8bf5bc000 	C:\WINDOWS\System32\bcryptPrimitives.dll
0x00007ff8a2660000 - 0x00007ff8a266f000 	C:\Users\Balachandran\.vscode\extensions\redhat.java-1.56.0-win32-x64\jre\21.0.12.1-win32-x86_64\bin\instrument.dll
0x00007ff890ad0000 - 0x00007ff890af0000 	C:\Users\Balachandran\.vscode\extensions\redhat.java-1.56.0-win32-x64\jre\21.0.12.1-win32-x86_64\bin\java.dll
0x00007ff8bfa60000 - 0x00007ff8c01f8000 	C:\WINDOWS\System32\SHELL32.dll
0x00007ff8bc4d0000 - 0x00007ff8bcd7e000 	C:\WINDOWS\SYSTEM32\windows.storage.dll
0x00007ff8c0d00000 - 0x00007ff8c0dfb000 	C:\WINDOWS\System32\SHCORE.dll
0x00007ff8c1690000 - 0x00007ff8c16f6000 	C:\WINDOWS\System32\shlwapi.dll
0x00007ff8be9d0000 - 0x00007ff8be9f9000 	C:\WINDOWS\SYSTEM32\profapi.dll
0x00007ff890ab0000 - 0x00007ff890ac8000 	C:\Users\Balachandran\.vscode\extensions\redhat.java-1.56.0-win32-x64\jre\21.0.12.1-win32-x86_64\bin\zip.dll
0x00007ff8a2460000 - 0x00007ff8a2470000 	C:\Users\Balachandran\.vscode\extensions\redhat.java-1.56.0-win32-x64\jre\21.0.12.1-win32-x86_64\bin\net.dll
0x00007ff8ac780000 - 0x00007ff8ac8aa000 	C:\WINDOWS\SYSTEM32\WINHTTP.dll
0x00007ff8bdd40000 - 0x00007ff8bddac000 	C:\WINDOWS\system32\mswsock.dll
0x00007ff890a90000 - 0x00007ff890aa6000 	C:\Users\Balachandran\.vscode\extensions\redhat.java-1.56.0-win32-x64\jre\21.0.12.1-win32-x86_64\bin\nio.dll
0x00007ff8a17c0000 - 0x00007ff8a17d0000 	C:\Users\Balachandran\.vscode\extensions\redhat.java-1.56.0-win32-x64\jre\21.0.12.1-win32-x86_64\bin\verify.dll
0x00007ff87f270000 - 0x00007ff87f297000 	C:\Users\Balachandran\.gradle\native\1def1411415f61bf3af743bc5b6707747c0891f09f0c88961ee8f79bc544acac\windows-amd64\native-platform.dll
0x00007ff84bc80000 - 0x00007ff84bcf8000 	C:\Users\Balachandran\.gradle\native\0.2.7\x86_64-windows-gnu\gradle-fileevents.dll
0x00007ff8a0f70000 - 0x00007ff8a0f7a000 	C:\Users\Balachandran\.vscode\extensions\redhat.java-1.56.0-win32-x64\jre\21.0.12.1-win32-x86_64\bin\management.dll
0x00007ff89d070000 - 0x00007ff89d07c000 	C:\Users\Balachandran\.vscode\extensions\redhat.java-1.56.0-win32-x64\jre\21.0.12.1-win32-x86_64\bin\management_ext.dll
0x00007ff8c1290000 - 0x00007ff8c1298000 	C:\WINDOWS\System32\PSAPI.DLL
0x00007ff8bd0a0000 - 0x00007ff8bd0d3000 	C:\WINDOWS\SYSTEM32\IPHLPAPI.DLL
0x00007ff8c02e0000 - 0x00007ff8c02ea000 	C:\WINDOWS\System32\NSI.dll
0x00007ff892d50000 - 0x00007ff892d59000 	C:\Users\Balachandran\.vscode\extensions\redhat.java-1.56.0-win32-x64\jre\21.0.12.1-win32-x86_64\bin\extnet.dll
0x00007ff8be030000 - 0x00007ff8be04b000 	C:\WINDOWS\SYSTEM32\CRYPTSP.dll
0x00007ff8bd6e0000 - 0x00007ff8bd719000 	C:\WINDOWS\system32\rsaenh.dll
0x00007ff8bddf0000 - 0x00007ff8bde24000 	C:\WINDOWS\SYSTEM32\USERENV.dll
0x00007ff8be9a0000 - 0x00007ff8be9ca000 	C:\WINDOWS\SYSTEM32\bcrypt.dll
0x00007ff8be050000 - 0x00007ff8be05c000 	C:\WINDOWS\SYSTEM32\CRYPTBASE.dll
0x00007ff8958f0000 - 0x00007ff8958fe000 	C:\Users\Balachandran\.vscode\extensions\redhat.java-1.56.0-win32-x64\jre\21.0.12.1-win32-x86_64\bin\sunmscapi.dll
0x00007ff8bf380000 - 0x00007ff8bf4fe000 	C:\WINDOWS\System32\CRYPT32.dll
0x00007ff8be270000 - 0x00007ff8be2a0000 	C:\WINDOWS\SYSTEM32\ncrypt.dll
0x00007ff8be220000 - 0x00007ff8be25f000 	C:\WINDOWS\SYSTEM32\NTASN1.dll
0x00007ff891f60000 - 0x00007ff891f68000 	C:\WINDOWS\system32\wshunix.dll
0x00007ff8b6790000 - 0x00007ff8b6797000 	C:\Users\Balachandran\.vscode\extensions\redhat.java-1.56.0-win32-x64\jre\21.0.12.1-win32-x86_64\bin\rmi.dll

JVMTI agents:
C:\Users\Balachandran\.gradle\wrapper\dists\gradle-8.14.3-bin\cv11ve7ro1n3o1j4so8xd9n66\gradle-8.14.3\lib\agents\gradle-instrumentation-agent-8.14.3.jar path:C:\Users\Balachandran\.vscode\extensions\redhat.java-1.56.0-win32-x64\jre\21.0.12.1-win32-x86_64\bin\instrument.dll, loaded, initialized, instrumentlib options:none

dbghelp: loaded successfully - version: 4.0.5 - missing functions: none
symbol engine: initialized successfully - sym options: 0x614 - pdb path: .;C:\Users\Balachandran\.vscode\extensions\redhat.java-1.56.0-win32-x64\jre\21.0.12.1-win32-x86_64\bin;C:\WINDOWS\SYSTEM32;C:\WINDOWS\WinSxS\amd64_microsoft.windows.common-controls_6595b64144ccf1df_6.0.26100.9278_none_3e0d1ba8e3303201;C:\Users\Balachandran\.vscode\extensions\redhat.java-1.56.0-win32-x64\jre\21.0.12.1-win32-x86_64\bin\server;C:\Users\Balachandran\.gradle\native\1def1411415f61bf3af743bc5b6707747c0891f09f0c88961ee8f79bc544acac\windows-amd64;C:\Users\Balachandran\.gradle\native\0.2.7\x86_64-windows-gnu

VM Arguments:
jvm_args: --add-opens=java.base/java.lang=ALL-UNNAMED --add-opens=java.base/java.lang.invoke=ALL-UNNAMED --add-opens=java.base/java.util=ALL-UNNAMED --add-opens=java.prefs/java.util.prefs=ALL-UNNAMED --add-exports=jdk.compiler/com.sun.tools.javac.api=ALL-UNNAMED --add-exports=jdk.compiler/com.sun.tools.javac.util=ALL-UNNAMED --add-opens=java.base/java.util=ALL-UNNAMED --add-opens=java.prefs/java.util.prefs=ALL-UNNAMED --add-opens=java.base/java.nio.charset=ALL-UNNAMED --add-opens=java.base/java.net=ALL-UNNAMED --add-opens=java.base/java.util.concurrent.atomic=ALL-UNNAMED --add-opens=java.xml/javax.xml.namespace=ALL-UNNAMED -XX:MaxMetaspaceSize=512m -Xmx2048m -Dfile.encoding=UTF-8 -Duser.country=IN -Duser.language=en -Duser.variant -javaagent:C:\Users\Balachandran\.gradle\wrapper\dists\gradle-8.14.3-bin\cv11ve7ro1n3o1j4so8xd9n66\gradle-8.14.3\lib\agents\gradle-instrumentation-agent-8.14.3.jar 
java_command: org.gradle.launcher.daemon.bootstrap.GradleDaemon 8.14.3
java_class_path (initial): C:\Users\Balachandran\.gradle\wrapper\dists\gradle-8.14.3-bin\cv11ve7ro1n3o1j4so8xd9n66\gradle-8.14.3\lib\gradle-daemon-main-8.14.3.jar
Launcher Type: SUN_STANDARD

[Global flags]
     intx CICompilerCount                          = 4                                         {product} {ergonomic}
   size_t CompressedClassSpaceSize                 = 436207616                                 {product} {ergonomic}
     uint ConcGCThreads                            = 3                                         {product} {ergonomic}
     uint G1ConcRefinementThreads                  = 10                                        {product} {ergonomic}
   size_t G1HeapRegionSize                         = 1048576                                   {product} {ergonomic}
    uintx GCDrainStackTargetSize                   = 64                                        {product} {ergonomic}
   size_t InitialHeapSize                          = 130023424                                 {product} {ergonomic}
   size_t MarkStackSize                            = 4194304                                   {product} {ergonomic}
   size_t MaxHeapSize                              = 2147483648                                {product} {command line}
   size_t MaxMetaspaceSize                         = 536870912                                 {product} {command line}
   size_t MaxNewSize                               = 1287651328                                {product} {ergonomic}
   size_t MinHeapDeltaBytes                        = 1048576                                   {product} {ergonomic}
   size_t MinHeapSize                              = 8388608                                   {product} {ergonomic}
    uintx NonNMethodCodeHeapSize                   = 5839372                                {pd product} {ergonomic}
    uintx NonProfiledCodeHeapSize                  = 122909434                              {pd product} {ergonomic}
    uintx ProfiledCodeHeapSize                     = 122909434                              {pd product} {ergonomic}
    uintx ReservedCodeCacheSize                    = 251658240                              {pd product} {ergonomic}
     bool SegmentedCodeCache                       = true                                      {product} {ergonomic}
   size_t SoftMaxHeapSize                          = 2147483648                             {manageable} {ergonomic}
     bool UseCompressedOops                        = true                           {product lp64_product} {ergonomic}
     bool UseG1GC                                  = true                                      {product} {ergonomic}
     bool UseLargePagesIndividualAllocation        = false                                  {pd product} {ergonomic}

Logging:
Log output configuration:
 #0: stdout all=warning uptime,level,tags foldmultilines=false
 #1: stderr all=off uptime,level,tags foldmultilines=false

Release file:
JAVA_VERSION="21.0.12.1" 
MODULES="java.base java.compiler java.datatransfer java.xml java.prefs java.desktop java.instrument java.logging java.management java.security.sasl java.naming java.rmi java.management.rmi java.net.http java.scripting java.security.jgss java.transaction.xa java.sql java.sql.rowset java.xml.crypto java.se java.smartcardio jdk.accessibility jdk.internal.jvmstat jdk.attach jdk.charsets jdk.internal.opt jdk.zipfs jdk.compiler jdk.crypto.ec jdk.crypto.cryptoki jdk.crypto.mscapi jdk.dynalink jdk.internal.ed jdk.editpad jdk.hotspot.agent jdk.httpserver jdk.internal.le jdk.internal.vm.ci jdk.internal.vm.compiler jdk.internal.vm.compiler.management jdk.jartool jdk.javadoc jdk.jcmd jdk.management jdk.management.agent jdk.jconsole jdk.jdeps jdk.jdwp.agent jdk.jdi jdk.jfr jdk.jshell jdk.jsobject jdk.jstatd jdk.localedata jdk.management.jfr jdk.naming.dns jdk.naming.rmi jdk.net jdk.nio.mapmode jdk.random jdk.sctp jdk.security.auth jdk.security.jgss jdk.unsupported jdk.unsupported.desktop jdk.xml.dom" 

Environment Variables:
JAVA_HOME=C:\Program Files\Java\jdk-17.0.12
PATH=C:\Program Files\Common Files\Oracle\Java\javapath;C:\app\Balachandran\product\23ai\dbhomeFree\bin;C:\Program Files\Java\jdk-17.0.12\bin;C:\WINDOWS\system32;C:\WINDOWS;C:\WINDOWS\System32\Wbem;C:\WINDOWS\System32\WindowsPowerShell\v1.0\;C:\WINDOWS\System32\OpenSSH\;C:\Program Files\Microsoft VS Code\bin;C:\Program Files\Git\cmd;C:\mongosh\bin;C:\Users\Balachandran\AppData\Local\Programs\mongosh\bin;C:\Users\Balachandran\AppData\Local\Android\Sdk\platform-tools;C:\Users\Balachandran\AppData\Local\Android\Sdk\emulator;C:\Users\Balachandran\AppData\Local\nvm;C:\nvm4w\nodejs;C:\Users\Balachandran\AppData\Roaming\npm;C:\Program Files\MySQL\MySQL Server 8.0\bin;C:\Ruby34-x64\bin;C:\php;C:\ProgramData\ComposerSetup\bin;C:\Ruby34-x64\bin;C:\Users\Balachandran\AppData\Local\Programs\Python\Launcher\;C:\Users\Balachandran\AppData\Local\Microsoft\WindowsApps;C:\Users\Balachandran\AppData\Local\Microsoft\WinGet\Packages\Schniz.fnm_Microsoft.Winget.Source_8wekyb3d8bbwe;C:\Program Files\MongoDB\Server\8.0\bin;C:\Users\Balachandran\AppData\Roaming\npm;C:\Users\Balachandran\AppData\Local\Programs\mongosh\bin\;C:\Users\Balachandran\AppData\Local\Programs\Python\Python313;C:\Users\Balachandran\AppData\Local\Programs\Python\Python313\Scripts;C:\Users\Balachandran\AppData\Local\Android\Sdk\emulator;C:\Users\Balachandran\AppData\Local\Android\Sdk\tools;C:\Users\Balachandran\AppData\Local\Android\Sdk\tools\bin;C:\Users\Balachandran\AppData\Local\Android\Sdk\platform-tools;C:\Users\Balachandran\AppData\Local\nvm;C:\nvm4w\nodejs;C:\Program Files\apache-maven-3.9.11\bin;C:\Users\Balachandran\AppData\Roaming\Composer\vendor\bin
USERNAME=Balachandran
OS=Windows_NT
PROCESSOR_IDENTIFIER=Intel64 Family 6 Model 186 Stepping 3, GenuineIntel
TMP=C:\Users\BALACH~1\AppData\Local\Temp
TEMP=C:\Users\BALACH~1\AppData\Local\Temp




Periodic native trim disabled

---------------  S Y S T E M  ---------------

OS:
 Windows 11 , 64 bit Build 26100 (10.0.26100.9278)
OS uptime: 0 days 5:16 hours
Hyper-V role detected

CPU: total 12 (initial active 12) (6 cores per cpu, 2 threads per core) family 6 model 186 stepping 3 microcode 0x4124, cx8, cmov, fxsr, ht, mmx, 3dnowpref, sse, sse2, sse3, ssse3, sse4.1, sse4.2, popcnt, lzcnt, tsc, tscinvbit, avx, avx2, aes, erms, clmul, bmi1, bmi2, adx, sha, fma, vzeroupper, clflush, clflushopt, clwb, hv, serialize, rdtscp, rdpid, fsrm, f16c, cet_ibt, cet_ss
Processor Information for processor 0
  Max Mhz: 1300, Current Mhz: 1300, Mhz Limit: 1300
Processor Information for processor 1
  Max Mhz: 1300, Current Mhz: 1300, Mhz Limit: 1300
Processor Information for processor 2
  Max Mhz: 1300, Current Mhz: 1300, Mhz Limit: 1300
Processor Information for processor 3
  Max Mhz: 1300, Current Mhz: 1300, Mhz Limit: 1300
Processor Information for processor 4
  Max Mhz: 1300, Current Mhz: 900, Mhz Limit: 897
Processor Information for processor 5
  Max Mhz: 1300, Current Mhz: 900, Mhz Limit: 897
Processor Information for processor 6
  Max Mhz: 1300, Current Mhz: 900, Mhz Limit: 897
Processor Information for processor 7
  Max Mhz: 1300, Current Mhz: 900, Mhz Limit: 897
Processor Information for processor 8
  Max Mhz: 1300, Current Mhz: 900, Mhz Limit: 897
Processor Information for processor 9
  Max Mhz: 1300, Current Mhz: 900, Mhz Limit: 897
Processor Information for processor 10
  Max Mhz: 1300, Current Mhz: 900, Mhz Limit: 897
Processor Information for processor 11
  Max Mhz: 1300, Current Mhz: 900, Mhz Limit: 897

Memory: 4k page, system-wide physical 7824M (14M free)
TotalPageFile size 31047M (AvailPageFile size 179M)
current process WorkingSet (physical memory assigned to process): 141M, peak: 445M
current process commit charge ("private bytes"): 744M, peak: 1277M

vm_info: OpenJDK 64-Bit Server VM (21.0.12.1+1-LTS) for windows-amd64 JRE (21.0.12.1+1-LTS), built on 2026-08-18T00:00:00Z by "admin" with MS VC++ 17.12 (VS2022)

END.
